node,value
<<<<<<< HEAD
Jenna Laurenzo,7.971055129331577e-05
Michael Paul Stephenson,0.0001859002046081368
Will Lowell,0.00026111269753040836
Matt Reeves,7.023367988506967e-05
Faraz Haider,0.0001827361510891828
James Duffy,0.006293696408578897
Hiromasa Yonebayashi,0.0014969659851069607
Kevin Reynolds,8.450389762374099e-05
Supavitra Babul,1.5115402320624403e-05
Kathryn Bigelow,0.0003545110377137076
Guillaume Renard,3.879773617501303e-05
Shane Acker,0.005710766895415259
Jeff Garlin,0.000427484882950131
John Crowley,0.0005451590832136782
Saket Chaudhary,3.15351918477475e-05
Gabriele Muccino,0.0021066996413995325
Henry Selick,0.0003937850080322334
Manish Tiwary,0.00018229814213028197
Indrajit Nattoji,8.151142840644844e-05
Devika Bhagat,0.00019686759008653054
Nalan Kumarasamy,0.0001467084760900482
Prawal Raman,0.00032550613443792936
Shonali Bose,1.0839104699355905e-06
Shakun Batra,0.00010429522833416084
Zoe Lister-Jones,0.0002392929306372996
Nina Paley,0.0004101503216813085
Bejoy Nambiar,0.0012924436860386648
Leif Tilden,0.000593585679696253
Barry Jenkins,6.8901063994034e-05
K.C. Bokadia,7.68052926353638e-05
Richard Loncraine,0.0005105906380403348
Susanne Bier,0.0008057919169449786
Troy Miller,0.0011419402057167686
Meghan O'Hara,0.0
John Asher,0.00011795266520477013
A. L. Vijay,8.710923932774588e-05
Pete Travis,0.006671158055396258
Chris Nelson,5.611047590051476e-05
Raj Amit Kumar,9.93584084668105e-05
Richard Rich,3.4835317616083e-05
Christopher Nolan,0.0014188940513243946
Dean Wellins,0.00032824269591779357
Michael Kennedy,0.0
Frank Miller,0.002894580076569708
Lynn Shelton,0.0037771086719626972
Anurag Kashyap,0.003874126071476081
Tim Blake Nelson,0.001184833485887491
Evan Spiridellis,0.0009614368924996466
Pranav Singh,3.452858061951339e-05
Sachin Kamlakar Khot,8.528752381259441e-05
Dennis Dugan,3.960474322054023e-05
Samir Karnik,0.0030116331287421546
Scott Marshall Smith,2.111424257034299e-05
Kevin Donovan,0.000569299645298336
Sukhbir Singh,6.721974791013424e-06
Wolfgang Petersen,0.0018099047214588904
Sartaj Singh Pannu,0.0004064539980311041
Jon M. Chu,0.00011455066042223984
Luke Snellin,0.0003282031928903393
Mahesh Bhatt,0.0016643185427271717
Peter Sattler,5.5757596657568515e-05
Robiul Alam Robi,0.0
Manish Gupta,6.0929232284936774e-05
Ira Sachs,0.001304916866344067
N. Linguswamy,0.00012155054480858997
Annie Clark,3.3976012442945086e-05
Dennis Widmyer,7.705312193686318e-05
Michael Dowse,0.0015206531862124756
Don Bluth,5.874388526474785e-05
Allan Ungar,0.00020338970621124562
Chris Jenkins,0.00016049222149507478
Terry Jones,3.869746486037881e-06
Nicolás López,0.0
Chris Stokes,0.0002118001023416097
Sooraj R. Barjatya,0.0017341776109632604
Eric Idle,0.00034095025549429637
Macon Blair,0.0006364909239046276
David Wain,0.006058564188067664
Nancy Meyers,0.00013382515232498695
R. Balki,0.0009926218335218294
Chris Buck,0.0048991361991584164
Joan C. Gratz,0.0004101503216813085
Mir Mukarram Hossain,0.0
Brad Bird,4.5753019638728815e-05
Scott Stewart,0.0031047170014684355
Mahesh Manjrekar,0.007390813615971073
Ashutosh Gowariker,0.0017395375276077869
Andrew Lau Wai-Keung,0.0
Pooja Bhatt,0.00028087322004711286
Stuart Baird,0.001112905667319444
Anurag Singh,0.00028662673745125377
Anna Boden,0.0006127953933687268
Sameer Sharma,0.0007159486708974302
Laxman Utekar,0.00013677544072881518
Harry Chaskin,0.00146437939692582
Ryan Coogler,0.00012273310449162524
Chris Renaud,0.0012087871091033017
Dash Shaw,0.00042718339593859537
Mark Columbus,0.0002022391819021092
Christian Desmares,0.0010842337871030377
Vic Armstrong,4.153366197359532e-05
Paul Reubens,8.050924080267797e-05
Bharat Nalluri,0.0001165349962899174
Lennart Ruff,9.127129550718284e-05
Bedabrata Pain,0.00018433695171858922
Meghna Gulzar,0.0002087461480223061
Raja Gosnell,0.00017371003753248037
Manika Sharma,7.647440036482628e-05
Greg Richardson,0.0001876301625237631
John A. Davis,0.005569637897601982
Jitendra Tiwari,3.452858061951339e-05
Nagesh Kukunoor,0.005182961071622877
David Cronenberg,0.00029981123172807345
Danny Boyle,0.003207105183198637
Brian Smith,0.0002654418720790494
Andrew C. Erin,0.00022590914769686873
Tom Gianas,0.0009731967432493361
Alana Waksman,0.00026111269753040836
Johnny Castuciano,6.559380886816709e-05
Les Mayfield,0.0002325809976422206
Gauravv K Chawla,0.0003209666712990968
Santosh Manjrekar,7.631387283794309e-05
Sagar Sarhadi,1.8603168816610113e-05
Alexandre Aja,0.0001639243091552233
Neil Jordan,0.0011696257125138661
Gilles Paquet-Brenner,0.0022668233436045748
Leslye Headland,0.0013409422042382395
Tarun Mansukhani,0.00021621728547307033
Ribhu Dasgupta,0.0005758592138308916
Martin Campbell,0.0012046095615234284
Chris Koch,0.0002435234633899709
Albert Hughes,0.0012374985987767745
Anurag Basu,0.0007307592850462369
Gulzar,2.2684686938072104e-05
Sunil Sukthankar,0.00018960256506441554
Sunil Thakur,0.0010420868604292873
Biswajeet Bora,2.1547890197680744e-06
A. Salaam,0.0007569340111573244
Louis Leterrier,0.0014272829549307256
Wes Craven,0.001982680367690235
Andrew Bujalski,0.0002828833265627835
Keiichi Hara,1.130071059980473e-05
John Patrick Shanley,0.00047186172461826563
Peter Chelsom,0.0003316557601459008
Shekhar Kapur,0.00017621571563791128
Vishal Bhardwaj,0.00204265543666326
David R. Ellis,0.0004616547311999217
Nicholas McCarthy,7.705312193686318e-05
Brit McAdams,0.00014173130536334561
Dharmendra Suresh Desai,0.0011020828974237357
Zack Snyder,0.0005647573988637862
Jonathan van Tulleken,0.006293696408578897
Guy Ritchie,0.0019159997519354395
Conrad Helten,0.0003949432774338956
David Mackenzie,0.0009862040902063197
Ridley Scott,0.0025699549311293513
Tom Tykwer,0.0013172082860700934
Aditya Sarpotdar,0.0005710217354024146
Will Yapp,3.869746486037881e-06
Chandan Arora,0.00024162527065224834
Eli Craig,0.0016489242118012148
Will Eubank,0.0006172004687541372
Woody Allen,0.001109168705507507
Matt Kugelman,0.00016400558776806333
Sajid Khan,7.496015481739617e-05
Sohail Tatari,0.00014065785884153368
Mark Raso,3.9819678110593705e-05
Michael J. Bassett,0.01467520169130555
Scott Zabielski,0.0001815658241861646
Benedict Andrews,0.00014445896746196637
Karan Anshuman,0.0002063085181652235
Mike Disa,0.001335571913591987
Sidharth Malhotra,4.674775647507804e-06
John Schlesinger,0.0008606565337743121
Lekh Tandon,1.3871201830504928e-06
Mario Cambi,3.0433675680462934e-06
Lauren Miller Rogen,0.0002703597717184582
Karthik Subbaraj,6.0716009261270945e-06
Alan Rickman,0.0011654097248669341
John Dahl,0.00829413476837792
Phillip Noyce,0.0017189099727927088
Dominic Sena,0.005511555066232937
Peggy Holmes,0.005757179276546307
Christopher Smith,0.0012242135313114224
Satish Rajwade,0.000159385661185301
Todd Phillips,0.0004302384724888307
Colin Teague,0.0003452450365072474
Rakeysh Omprakash Mehra,0.01503280208534655
Vipul Amrutlal Shah,0.00451339700289754
Jocelyn Moorhouse,0.0017963255323236243
Holger Tappe,9.818083380233559e-05
Chris Kelly,0.00023474582174982662
John Duigan,0.010121163114635873
David E. Talbert,0.0001808725611020261
Brendan Malloy,4.3451276394477267e-05
Kevin Deters,0.00032824269591779357
Emmett Malloy,4.3451276394477267e-05
Kedar Shinde,7.56308556670794e-05
Leo Riley,0.00023687882753173012
Valli Bindana,0.0
Anthony Russo,0.003196470078312187
Maria Pulera,1.3530848508496796e-05
Basu Chatterjee,1.7349215465593758e-05
David Silberg,0.00023266699013711775
Jani Lachauer,0.00027671530181687013
G.J. Echternkamp,0.00013633167554470002
Jay Chapman,8.85853835813229e-05
M.J. Bassett,0.00014849189742823052
Alex Proyas,0.0004637549645074789
Milind Rau,2.9407216505819242e-05
Michael Tiddes,0.0005410777540143792
Rajshree Ojha,0.0001467084760900482
Mark Landre Gould,0.00019033440819949893
Alain Desrochers,0.0035654972503510822
Johannes Roberts,0.00038136404855096867
Max Martini,0.0006563673144752492
Chandra Barot,0.0001831462095404298
Dharmesh Darshan,0.001505911919429671
Jonathan Baker,0.0001222978532836543
Steve Ball,0.0011568416518555223
Vijay Lalwani,7.280045272137361e-05
Raymie Muzquiz,0.002368427862277438
Deepti Naval,8.716649134545693e-05
Paul Demeyer,0.0006748433539006009
Ksshitij Chaudhary,0.0015145985034253145
Ezekiel Norton,0.0005656738160368323
David M. Rosenthal,0.00016422175976617886
Ajay Bhuyan,1.972168636124847e-05
Peter Jackson,0.00131186048464739
Mark Herman,0.0009750512635441838
David Grossman,0.0005050489536000787
Abhijit Kokate,3.0637004536118055e-05
Vikram Bhatt,3.05108015663578e-05
Rajesh Mapuskar,8.730213413235397e-05
Gary Binkow,0.00011645220067559999
Daniel Stamm,0.00015830773989066428
Philippe Falardeau,0.0012618557811518935
Antoine Bardou-Jacquet,4.696478248007169e-05
Anil V. Kumar,0.00010609697943499254
Ric Roman Waugh,0.0003603636483995905
Florian Henckel von Donnersmarck,8.18293887512258e-05
Adam Egypt Mortimer,7.705312193686318e-05
Daniel Alfredson,0.0032446889445868635
Rohit Jugraj,0.0015548532138620378
Rob Minkoff,0.0009980011506314566
Viju Mane,2.2056157706437546e-05
Amitabha Singh,1.585172817185969e-05
Michael Goguen,0.00013837115824673552
Tensai Okamura,0.000808513081471389
Kevin Kolsch,7.705312193686318e-05
Vanita Shastry,0.0002022391819021092
Thomas Astruc,7.599145322708669e-05
Tanvir Ahsan,0.0
Jason Reitman,0.0020637888568526956
Ian MacNaughton,0.00014869965708956851
Devashish Makhija,0.00011803432067582909
Tarsem Singh,0.006547456546098111
Marti Noxon,0.0002403397278188717
Mark Dindal,0.0012587033038478348
Randall Lobb,0.00012652401907655683
Abhinav Shiv Tiwari,0.0001467084760900482
Michael Gallagher,0.00011680522211731092
Sylvain Blais,0.000603667389088165
Andy Tennant,0.0048179872233515214
Gabe Ibáñez,0.0005023564701461318
Mike Myhre,0.00016381457671662102
Mohit Suri,4.86080968539288e-05
Robbie Grewal,0.00019201556930713233
Dennie Gordon,0.0008725683329430344
John H. Lee,0.0
Rick Morales,0.00014178429139989076
Patrick Osborne,0.00032824269591779357
Steven Brill,0.000985748926985306
Mark Osborne,0.004895454681344333
Amitoj Mann,8.434029439095811e-05
Ben Shelton,8.09738898460403e-05
Benjamin Arfmann,0.00016478978857625842
Olivier Assayas,0.0001589140009421032
Jagdeep Sidhu,2.0413527201202432e-05
Kookie V. Gulati,0.0028361755488437437
Logan Kibens,6.550980008842884e-05
Karey Kirkpatrick,0.0007717611407355622
Nagraj Manjule,1.132184550397373e-05
Spike Jonze,0.0004575277263208875
Kazuaki Kiriya,0.0005706712761988175
Rob Burnett,0.0003468709955017696
Sam Liu,0.0013406709287952757
Lilly Wachowski,0.006463722184699299
Shree Narayan Singh,0.0016074526022965877
Sanjiv Jaiswal,0.0001608640532626124
Pankaj Batra,0.009875040174863615
Vivek Wagh,7.328662407423954e-05
George C. Wolfe,0.0006753483699625519
Neill Blomkamp,0.007109361427216528
Frank Oz,8.518072170372622e-05
Allen Hughes,0.0012374985987767745
Jon YonKondy,0.00026111269753040836
Ethan Coen,0.003085827540361789
Raj Nidimoru,0.008367885599873004
Victor Levin,0.0005409577504552614
Bart Freundlich,0.00010385634441069152
Atom Egoyan,0.004483058417346342
Osgood Perkins,0.0004916614050976904
Shawn Levy,0.0013580303589180484
Charles Stone III,0.0013606508621200294
Mahmudul Islam,0.0
James Marsh,7.494167666560219e-05
Nora Ephron,0.000817499851684099
Noah Baumbach,0.005571525608933391
Troy Nixey,9.131920871803112e-05
Sanjay Jadhav,0.00028666407660939917
Hugh WIlson,0.00039994163418925776
Srivinay Salian,3.0637004536118055e-05
Santwana Bardoloi,0.0
Alejandro Agresti,0.0005244702147735441
Darin Scott,6.45947169199878e-05
Jean-Marc Vallée,0.0004019771679048685
Michael Bay,0.0009423143822097554
Raja Sen,0.0001467084760900482
Sian Heder,0.0002859573936027444
Golam Kibria Farooki,0.0
Bryan Singer,0.0012418102669466808
Mastan Alibhai Burmawalla,0.010645672167801136
Onir,0.0012363411576383058
Karyn Kusama,0.0034733842499777823
Gerard McMurray,0.0001980858132527226
Harjit Singh,0.0
Ashish R. Mohan,0.000124283710571605
Don Michael Paul,0.006996344483111944
Robert Schwentke,0.0002735153435084065
Claude Barras,0.00017531280511028872
Abbas Tyrewala,3.960221561234648e-05
Adam Wingard,0.00017885535576989971
Brie Larson,0.00019089919751775756
Steven Soderbergh,0.008704305286819036
Eli Roth,0.0005067390681765601
Dan Harris,0.0001162281592237641
Sudip Bandyopadhyay,0.00013463709908566516
Steven Spielberg,0.138699178978218
Bong Joon Ho,0.001783032204059231
Jarrad Paul,0.0002990372344871263
Lauren MacMullan,0.00032824269591779357
Sofia Coppola,0.0008820268729993439
Gajendra Ahire,0.0007351433868880672
Anant Balani,0.00010745094895028606
Andrew Loo,0.0
Leena Yadav,0.04357012484872331
Mahsun Kırmızıgül,0.00017603405749939589
Syed Ahmad Afzal,0.00018308886750626643
Oren Uziel,0.0002987156656943402
Sarthak Dasgupta,2.4155785118529155e-05
Martin Scorsese,0.013615736059402701
Bruce Robinson,0.001188064299077925
Ed Gass-Donnelly,0.0002500360864819328
Jeff Wadlow,0.0002186144816285323
Kushal Srivastava,1.515307883813426e-05
Gregory Hoblit,0.0068900267914104776
Mamoru Oshii,0.0
Theo Davies,0.0005505255342167842
Daniel Gray Longino,0.0009565257667629686
Jamie M. Dagg,0.0008150647686199181
Rob Reiner,0.002508027592433647
Akiva Schaffer,0.003131797407826405
Robert Luketic,0.009097965263500119
Daisuke Nishio,0.0
Mike Gunther,0.00027617502991897965
Raja Menon,0.00036503558202036185
Alethea Jones,0.0005131295737589741
Samit Kakkad,0.0001617812133447635
Abhishek Kapoor,0.0008425888788699948
Jennifer M. Kroot,8.151977920228367e-05
Gus Van Sant,0.005358497503085643
Douglas McGrath,0.0007673948910546177
Gary Fleder,0.0007772761877241772
Kevin R. Adams,0.0005264227873994616
Maya Forbes,0.000773418726647458
Santosh Sivan,0.001698818911771563
Abhishek Varman,3.2605665595690065e-05
Shammi Kapoor,6.386439920752403e-06
Shinji Aramaki,0.0
Karen J. Lloyd,8.29554769452143e-05
Kamal Sahani,0.00016809602681643813
Amaan Khan,0.002405088717978027
Jeff Baena,0.00847327616648289
Tony Scott,0.0033332012991628135
Krishna D.K.,0.008367885599873004
Richard Bates Jr.,0.00028028794680697684
Sachin Kundalkar,0.00032347371515771024
Scott Aukerman,0.003807826887787415
John Musker,0.003349231176337205
Aubrey Powell,3.84458479537456e-05
Balu Mahendra,3.6186176439179214e-05
Farjad Nabi,7.120002958131194e-06
Ron Oliver,0.0002922125796393559
Ganesh Kadam,2.504304991414692e-05
Chris Weitz,3.6620489314307224e-05
Jonathan Mostow,0.00031551772603444895
Rajeev Patil,1.5261258863377286e-05
Bob Nelson,0.0008856767011643726
Milan Luthria,0.002460090190444763
Iain Softley,0.00033070589323028296
David Mirkin,0.0009679877792498081
Stu Livingston,0.002368427862277438
Mike Judge,8.020944223151408e-05
Clark Johnson,2.3009058665062692e-05
Shanker Raman,1.8045865225894865e-05
Robert Kouba,9.640991016281109e-05
Steven C. Miller,4.374230399417337e-05
Curtis Hanson,0.0006431170056835289
Mahin Ibrahim,0.00026111269753040836
Raj Kanwar,0.0011732562131067364
Adam McKay,0.001801146625728664
Alo Sarkar,2.9170154806553864e-05
Eva Vives,0.0006282107655974074
Tom Hooper,0.0040501721296737556
Amit Roy,3.05945161363958e-05
Madhur Bhandarkar,0.0022026744376410024
Lars von Trier,0.0010258416608039326
Lana Wachowski,0.006463722184699299
Parveen Kumar,0.0012717873413706034
James Ivory,0.00012567707972313238
Jeff Gill,0.0009614368924996466
Abhishek Sharma,0.0033826771283777023
Taika Waititi,0.0032385128883885075
Roger Spottiswoode,0.00015605452334059382
Rolfe Kanefsky,0.0
Abdullah Al Noor,0.0
Quentin Tarantino,0.012467301691379664
Chad Van De Keere,0.003357192562821304
Andrew Fleming,0.00041950903430103276
Mukesh Vohra,0.000461194972865714
Sachin,3.192040415317107e-05
Chester Tam,0.002722811462250715
Sriram Raghavan,0.001332036040272114
Rai Yuvraj Bains,0.000641401731494908
Stephen Belber,0.0001575839811379935
Brian De Palma,0.00048262809794044853
Jaivi Dhanda,0.00032498845488617594
Tim Hill,0.00022370047880218192
Gore Verbinski,0.00033426245929278766
Rana Ranbir,2.3334710431497726e-05
Callie Khouri,0.00013079071490931923
Jeff Tremaine,0.00010857605204437246
Beeban Kidron,0.00032608214085468485
Avinash Das,0.0002159667513661695
Gideon Raff,0.00700671099643336
Pan Nalin,0.000349480866329972
Louis J. Horvitz,0.0009145772147285639
Frank Paur,0.0013406709287952757
Mikhil Musale,0.0009454934246158859
Mark Steven Johnson,0.0003283510297452326
Sam Taylor-Johnson,0.00013318506900909598
Matt Shakman,0.000547448886949946
Kevin Lima,6.97572200189126e-05
Frank O'Connor,0.0
Paul Brizzi,0.0004101503216813085
Sudhir Mishra,0.0012443987078089814
Steve Brill,0.008110833732003607
Ashu Trikha,3.418864617992148e-05
Aamir Khan,0.00019216586965372496
Antoine Fuqua,0.010195149196669301
Shreyas Talpade,4.302413112873373e-05
Vishal Mishra,0.00016972025751481117
Umesh Ghadge,0.0001425876448962723
N. Chandra,0.0034882240227575895
Jorge Blanco,0.0014252722361197375
Will Gluck,0.00014250180020731817
Rusty Cundieff,0.009166265740936983
Kunal Deshmukh,0.00022294950108846484
Joe Berlinger,0.0003260161235188788
Nuhash Humayun,0.0
Amit Rai,0.0030296639667515067
Claude Lelouch,7.395092229602647e-06
Ben Brewer,0.0003171151059373629
Shashilal K. Nair,3.6259279754231736e-05
Sachin Yardi,0.002348134461771352
Danny Leiner,0.0007369913467541741
Fernando Coimbra,0.000147926336857967
Richard LaGravenese,0.0007813563894415355
Rob LaDuca,0.0006614784873875374
Marc Abraham,0.00035007471561191556
Nicole Holofcener,0.0004230894891409089
Sushil Majumdar,5.381334865705433e-06
Simon Wincer,9.798574544855216e-05
Anubhav Sinha,8.651066121356182e-05
Vipin Parashar,0.00016806621541157852
Vikramaditya Motwane,3.9262878925046016e-05
Richard Curtis,0.00018036256802002557
Susan Johnson,0.0002362182922675647
Jay Russell,0.00026532935201642027
Partho Ghosh,0.00014462683734834452
Farhan Akhtar,0.012259547387908468
Lesli Linka Glatter,0.0005906399690109279
Christian De Vita,0.002025167400836426
Punit Malhotra,5.577686968544522e-06
Gary David Goldberg,0.00023590920878479516
James Wan,0.0029498463489787707
Tomoki Kyoda,0.0
Jon Gunn,0.00018862856213014252
Jayson Thiessen,0.0001613371805771862
Harmony Korine,0.00020047490639090433
Hayden Schlossberg,9.25392280513607e-05
Hrishikesh Mukherjee,0.000538806112787821
Ava DuVernay,0.0013714584175796459
Martin Zandvliet,7.02355781597528e-05
Pedro Morelli,0.00012248618982786016
Marco Schnabel,0.004971324244060381
Sergio Pablos,0.00036765208426707156
Raj Kaushal,0.00021914945262207022
Puri Jagannadh,0.0006039061940322202
Rucha Humnabadkar,2.0960021505646557e-05
Craig Gillespie,0.0006846158132321028
Mark Williams,0.0891365289467695
Meenu Gaur,7.120002958131194e-06
Stevie Wermers,0.00032824269591779357
Tigmanshu Dhulia,0.00019258695707221165
Gaby Dellal,0.0008756412291616465
Pamela Romanowsky,0.000678153908096793
Ryan Fleck,0.0006127953933687268
Vadim Jean,4.532794326250696e-05
Khalid Mohamed,7.948735282365771e-05
Ashok Nanda,1.5729050433813567e-05
Jill Culton,0.00023789610063041272
Joe Ksander,0.0005264227873994616
Shaad Ali,0.0007969598798930015
John Luessenhop,0.00032181861142147365
Rajkumar Santoshi,0.006162858921550892
Kyle Newman,0.0017935402096044255
Paritosh Painter,6.11665502225504e-05
Krish,0.00016728010799048871
Sangeeth Sivan,0.0020290407479741043
Ari Sandel,0.00045420309854848174
Marianna Palka,8.587762539207774e-05
John Hillcoat,0.0014856992731850326
Gillian Robespierre,0.00016360113711385153
Robert Altman,0.0048267139549419795
William Eubank,0.0006172004687541372
Miguel Arteta,0.0005044778200966228
Dax Shepard,0.0005162132854092079
Jonathan Sobol,8.910544638402621e-05
Mark Helfrich,0.0009045769927846269
Jeffrey Nachmanoff,0.011450133393670795
Max Lang,0.00027671530181687013
Amol Palekar,0.0040938522671865865
Adam Alleca,6.047640544278117e-05
Chandrakant Kanse,5.080883518030564e-05
Indra Kumar,0.003258420592666721
Bobby Farrelly,0.0003662131248482716
Phil Weinstein,0.0007338227423224296
Olly Reid,2.163763053381019e-06
Kasra Farahani,7.894244220165015e-05
Satish Kaushik,0.0021940986600332978
Sujoy Ghosh,0.0008094616445301282
Matt Piedmont,0.00017849873382838103
Jonathan Hensleigh,0.005343917904524896
Rob W. King,4.7032273460544505e-05
Dibakar Banerjee,0.016265003167257742
Peter Ramsey,0.0013529836452773937
Imtiaz Ali,0.0014136399364367074
Soumendra Padhi,1.1463573913603123e-05
Raaghav Dar,0.00025912118533523226
William Lau,0.0011580070381460382
Smeep Kang,5.954610739047665e-05
Manav Shah,5.419265105345474e-05
Kevin Munroe,0.0009220023987264189
Bob Persichetti,0.0013529836452773937
Gerard Barrett,0.001022957242435401
Nikhil Nagesh Bhat,3.906627810303892e-05
Scott Cooper,0.0006353115165937043
Michael Radford,4.229527900591547e-05
Alex Garland,0.00013266509856705338
Brian Levant,0.0006275536925988627
Gauri Shinde,0.00016806464405748375
M. Night Shyamalan,0.00043408292131701375
Anne Fontaine,0.0003348110886445311
Kevin Smith,0.010582780991439479
Sally Potter,0.0017939862987938144
Partho Sen-Gupta,0.00010541140736909573
Samar Khan,0.00023425188388586792
Shanawaz Nellikunnil,1.1223181603094463e-05
Ernie Barbarash,0.00035603438482291683
Mark Henn,0.00032824269591779357
Umesh Mehra,0.010585199496923107
Tommy Wirkola,0.000626793481864337
Sam Mendes,0.00446521158692153
Amber Tamblyn,0.0005896547057707548
Chris Sivertson,0.0001243997753453337
Shawn Arranha,1.2099007375136765e-05
Patricia Rozema,0.0027808836626817884
Rob Silvestri,0.0006412608716815807
Ben Young,0.0001585928601940963
Phil Morrison,0.00010173458422443552
Nishikant Kamat,0.003188404452135508
Julius Avery,8.75200532249367e-05
Yasir Nawaz,0.0
David Beier,0.00026111269753040836
Gurinder Chadha,0.017596363204475444
Umesh Shukla,0.0028192762129119055
Kelly Reichardt,0.00016975476998686739
Gary Shore,7.705312193686318e-05
Björn Stein,5.3048725620389185e-05
Pa. Ranjith,0.001560915404439189
Ari Folman,0.0005175735483970526
Robert Smigel,0.00013659973475425006
Phil Johnston,0.0020863208069470812
Kazumi Fukushima,0.0005190001522902636
Hoyt Yeatman,0.0021878048588409174
Reema Kagti,0.002356005121996755
Jasbir Bijendra Bhati,0.0001953431857723985
Edward Zwick,0.0008580171700950199
Stephen Donnelly,2.163763053381019e-06
Ben Palmer,0.0008221520081144198
Pratim D. Gupta,0.00037625792057379977
Brett Ratner,0.00731955347325771
Mani Ratnam,0.02506244871282045
Ted Demme,0.0019946221416957646
John R. Leonetti,9.119564918707597e-05
Greg Mottola,0.0006215672707542703
Debaloy Dey,5.454104018281853e-05
Igor Kovalyov,0.0005994517083394201
Jovanka Vuckovic,3.3976012442945086e-05
Barry Sonnenfeld,0.003340390217667731
Sarah Gavron,0.0004493325124029222
Tanuja Chandra,0.00016997761407795328
Jay Surridge,0.004141201402179091
Evan Katz,0.00022295862265920042
Sandeep Reddy Vanga,0.00019837849456765276
Dennis Iliadis,9.154610271335402e-05
Lee Tamahori,0.017246258472000484
Anu Menon,0.001174723294143903
Will Graham,0.006293696408578897
Paul Weitz,0.003431838462559232
Oliver Stone,0.0018740565981375116
Suparn Verma,0.0018681934058108758
Mathieu Kassovitz,0.0007610118272179687
Seth Henrikson,0.0009187220800842917
Victor Dal Chele,0.0005940798136024556
Sujeeth,0.00027105973569956446
André Øvredal,0.00013597442874210713
Anthony Minghella,0.0003610321825127673
Paul Schrader,0.001760478304098532
Kevin MacDonald,0.00036698512725223437
Audu Paden,0.0005756199405521202
Jay Baruchel,0.0007068903976600442
Jennifer Lynch,2.636143823611884e-05
Tim Burton,0.0012862748597909017
Amar Gupte,4.511221737793956e-06
Fabrice Du Welz,0.0010719481146289937
Norton Virgien,0.0005994517083394201
Andrés Couturier,0.00024525811502328554
Shyam Benegal,0.01596079645685238
Shlok Sharma,6.586305837345649e-05
Mike Newell,0.007026196916790877
David Ayer,0.000904077224564055
Bhushan Patel,6.373282365350154e-05
Anand Tiwari,6.895277966694228e-05
Remy Kohli,3.4609014972952064e-05
Joe Dante,0.0008681315424494678
Michael Socha,0.0004101503216813085
K. Ramanlal,4.838355000047112e-05
Rodolphe Guenoden,0.0004495506783462848
Nidhi Sharma,0.002083687703972617
Sam Raimi,0.010556187115634828
David Michôd,0.0011277966802021953
Mitch Schauer,0.0010031197172284106
Terry Gilliam,0.011296530555526497
Andy Fickman,0.0006036827353857331
Manmohan Desai,0.00019404228731554493
Roger Kumble,0.0004189250543040481
John Lee Hancock,0.0069171978817989975
Mahmood Farooqui,0.0004046340685488793
Pia Sukanya,0.0009277091963864844
K. Subhash,0.0002856231782268162
Param Gill,0.0009481475707053234
Derek Cianfrance,0.0030215012944238813
McG,0.016549368925974833
Gurudev Bhalla,0.005306836947296474
Mario Van Peebles,0.00034891509331225564
Stig Bergqvist,0.0006748433539006009
Rob Meyer,0.0002829797051595435
Pierre Morel,0.0001425506344476826
Rahat Kazmi,2.8747723678131154e-06
Denny Lu,0.00016381457671662102
Shelly Chopra Dhar,0.0003243078734164587
Rick Benattar,8.900657048772491e-05
Stacy Title,0.00012228139559329496
James Foley,0.0005005928558248709
Bruce McCulloch,0.00018356647263436225
Vincent Perez,8.887432151070616e-05
Tim Johnson,0.0020977085302796208
Byron Howard,0.0053663030810431715
Jay Roach,0.005678560740653082
Anthony D'Souza,0.0018921997093337486
Shojiro Nishimi,3.879773617501303e-05
Avadhoot Gupte,3.992965218854128e-05
John Wells,0.0006603744526714293
Mike Flanagan,0.000857270942819508
Dito Montiel,9.638510481799895e-05
Sean Penn,0.00021782935847015588
Raj Kumar Gupta,0.000298007624983323
Gil Kenan,0.0004065957330126937
Navaniat Singh,0.0005636344532160452
Simon Wells,0.002402094183575278
Michael D. Black,0.023480524653021626
Andrew Duncan,0.0006279808540513991
Sameer Vidwans,7.263454857186848e-05
Radhika Rao,3.678731487804739e-05
Arnab Chaudhuri,1.904847665033899e-05
Ravi Jadhav,2.2056157706437546e-05
Peter Lepeniotis,0.0020861838026083445
Mike Gabriel,0.00032824269591779357
Ram Gopal Varma,0.0012154308387681478
Kabir Khan,0.00011521757768856467
Oliver Blackburn,0.00020122879646610714
Gonzalo López-Gallego,0.00045241163983569897
Gaurav Bavdankar,4.551589495709708e-05
Nila Madhab Panda,0.0010165955892089571
Robert Rodriguez,0.018325580435695966
Stephanie Laing,0.0007881079388053312
Anees Bazmee,0.0037441451312831262
Lone Scherfig,0.0005102121425421113
Marc Forster,0.0002273270781533019
Steve Carr,0.021259670323216573
Ryan Polito,0.0005095058636539068
Aniruddha Roy Chowdhury,9.700966776239999e-05
Alex Winter,7.063532565115757e-05
Roy Burdine,6.559380886816709e-05
Alex Brewer,0.0003171151059373629
Ritesh Batra,0.0004667758764747559
Dan Gilroy,0.00021409148295083055
Atanu Mukherjee,0.0001312536239017556
Emanuel Hoss-Desmarais,0.00040270781924475063
Claire Scanlon,0.0002446510844424274
Roger Allers,0.009179542520216202
Simon J. Smith,0.0006863991555794419
Victor Cook,0.0029548425092614733
Julius Onah,0.0003420314775257184
Joann Sfar,0.0004101503216813085
Lawrence Kasdan,0.0004904579552043572
Pramod Pawar,0.0003808976318764242
Mike Mills,0.00011362801162685012
Jim Stenstrum,0.0005190001522902636
S.S. Rajamouli,1.7325061639697057e-05
Linas Phillips,0.00012199299661951277
Alain Gagnol,0.0012665323952518247
Ian Nelms,0.001035057247427345
Lauren Hoekstra,0.0002022391819021092
Steve Loter,0.001963611627541526
Prem Soni,3.3762525889054715e-05
Sudhish Kamath,0.0001467084760900482
Koji Sawai,0.0
Mandeep Kumar,0.0009647174500252214
David Leveaux,0.00035235487602009905
Ranjit Tiwari,0.0005641396181335907
Joshua Marston,0.0006140855968750351
Peter Spirer,0.0
Aaron Nee,6.34353398815718e-05
Roger Graef,0.00010480647672019315
Jon Turteltaub,0.0008824180623530489
Fernando Lebrija,0.0007329817770458416
Kyle Newacheck,0.0003595014986360697
Rahul Dholakia,0.0008425466348577998
Sarah Adina Smith,0.0015774197571883609
Vikas Bahl,6.749264815403642e-05
Robert C. Ramirez,0.0006614784873875374
Ron Clements,0.003349231176337205
Phyllida Lloyd,0.0005560584917859344
Abhinay Deo,0.010959501462318772
Michael Cuesta,0.0017895059678252358
Saurabh Kabra,0.0001124752696820126
Syed Saleh Ahmed Sobhan,0.0
David Fincher,0.0019141872641262234
John Fortenberry,0.0001353699244786946
Paul W.S. Anderson,0.0006174025737815567
James Gunn,0.006293696408578897
Craig Brewer,0.003749545226076128
Paul Haggis,0.0018390000903779733
Ajay Bahl,7.085325808771812e-06
Jennifer Lee,0.00032824269591779357
Tommy O'Haver,0.0004007176756692999
Ron Howard,0.0019218596459707898
Kurt Wimmer,0.0006582295085914194
David Koepp,8.887904367828092e-05
Girish Joshi,6.655436867054112e-05
Francis Ford Coppola,4.946379093778384e-05
Prakash Mehra,7.062942868476766e-05
Prakash Jha,0.002000570839616021
Hemant Gaba,0.0001467084760900482
Adam Nee,6.34353398815718e-05
Puneet Sira,9.866567763556549e-05
Massy Tadjedin,0.00036582556415091247
Prabhu Deva,0.00024933977490772377
Rohit Shetty,0.0033309247465143754
Nick Cassavetes,0.00024042520664571462
Bobby Roth,3.079742089954671e-05
Julie Taymor,0.00014787700331001915
Amarpreet G S Chabbra,1.266738908988365e-05
Larry Elikann,0.00034889343730224484
Richard Donner,5.3307233184648975e-05
Aanand Rai,0.0023801694594668458
Jeremy David White,0.0002022391819021092
James Rogan,0.00010480647672019315
Lasse Hallström,0.058727277119200005
Anand Tucker,0.0009193328857328206
Rob Cohen,0.00630551843075406
Dan Bush,0.0003562195755114598
Jun Falkenstein,2.163763053381019e-06
Hiroshi Yamazaki,0.0
Genndy Tartakovsky,0.001910414474627795
Deniz Gamze Ergüven,0.00010063007145517789
Jeremy Saulnier,0.000931972876574686
Fuwad Khan,0.0002343309438504637
Brad Anderson,0.008254750876317338
Harry Baweja,0.0
Noam Murro,0.00040946578205293876
Chandrakant Kulkarni,0.0021991289335075654
Satyajit Bhatkal,0.0006798386873675691
Bauddhayan Mukherji,7.795010655369183e-06
Christian Charles,6.369395832294661e-05
Remo D'Souza,0.004089639733072951
Roland Joffé,0.008697049606688679
Nicholas Kharkongor,0.0001852472240131448
Roman Coppola,0.0003251880361567485
Nic Mathieu,0.00013179518135031135
Prakash Balwant Saini,0.0001661359085909902
Ahishor Solomon,0.0004813062145269348
Omung Kumar,2.754969467820156e-06
Tom Shadyac,0.0035428154703815978
Shravan Kumar,5.7745450292788235e-05
Ketan Mehta,0.01239440157319561
Ayaan Mukherji,0.0008673668627012127
Andrew Douglas,0.0004846000314204226
Elizabeth Banks,0.006293696408578897
Manish Jha,0.0006520068676282079
Mark Rosman,0.00048428630187532287
Tony Leondis,0.0008518740127946712
Eshom Nelms,0.001035057247427345
Ananth Narayan Mahadevan,0.0007093364047363568
Ivan Reitman,0.0008399741053474473
Sean Hanish,0.0013528048630459292
Timothy Woodward Jr.,0.0004922749541846209
Sudesh Manjrekar,5.9287491095385396e-05
Saul Dibb,0.0017297770802203042
Jonathan Levine,0.0020426964293853954
Eric Stoltz,0.0001247365579914242
Aziz Mirza,0.003225932616921066
Kees Van Oostrum,1.985759431980246e-06
Patrik Forsberg,0.006293696408578897
Shakti Samanta,0.00027760475806199656
Rodney Rothman,0.0013529836452773937
Ricky Gervais,0.0019963748980957397
Jean-Loup Felicioli,0.0012665323952518247
Diego Luna,0.00015023632485080746
Mukul Anand,0.0001550185091093854
Tamara Jenkins,0.0009753777283645459
Randal Kleiser,0.00020147912450822197
Kabir Sadanand,0.0020479645328694185
Simon Savelyev,0.0002022391819021092
Rajat Kapoor,0.00018787429722773245
Subhash Ghai,0.015883862011643116
Chuck Russell,0.0001898271746099697
Renny Harlin,0.0024504772007105397
Karan Johar,0.0019797389606747867
Mary Harron,0.0010293100721323568
Ravi Udyawar,0.00025440661974215076
RZA,3.7720579799743926e-05
Yorgos Lanthimos,0.0007195448011706675
Agnidev Chatterjee,2.1455693152532368e-05
Harald Zwart,0.00020834705750175108
Charles Martin Smith,0.0005405699866074213
Manbhavan Singh,0.0
Justin Kelly,0.0004111505958637645
Castille Landon,0.0003780301362682605
James Wong,0.0007027143499775846
Wayne Orr,8.050924080267797e-05
Jonathan Demme,0.0024561077326366158
Jeffrey W. Byrd,0.0002987746427501787
Hideki Futamura,0.0
Jeeva,2.7122881058741368e-05
Henrik Ruben Genz,0.00025482130993498053
Steven Knight,6.093336660462723e-05
Mark A.Z. Dippé,0.00035074331352957983
Ryan Murphy,0.0011837258015667887
Surya S.J.,0.0029915229454915743
Chris McCoy,0.00010062937560910986
Kristian Levring,6.31863071893136e-05
Varun Narvekar,7.822407788815655e-06
Rajiv Mehra,0.0015366569056004887
Latif Faiziyev,0.006631261856861137
Keenen Ivory Wayans,0.0004309587047112755
Gary Wang,0.0007147418133440192
Guillermo del Toro,0.0016494060723143838
Wally Pfister,0.0021309214731225923
Sarah Kruchowski,0.0002022391819021092
Isaac Rentz,0.00029654068087238574
Shashanka Ghosh,0.00011927140134591133
Chris Williams,0.0019220852737692443
Leslie Small,0.0014729346261841605
Andrew Niccol,0.0006892921259276329
Adam Shankman,0.006540237281898199
Sanjay Gupta,0.00010433280560183046
Joel Schumacher,0.0019678432778667144
Eondeok Han,0.00014789138168467522
Amardeep Singh Gill,0.00034904429895090436
Shirish Kunder,0.00685311969007096
Prabhuraj,6.451669936619117e-05
Timothy Reckart,0.002884267238894239
Habib Faisal,4.748651013573848e-06
Fernando Meirelles,6.854537658126438e-05
Joseph Chou,0.0
Ken Marino,0.0011992741074651012
Ajay Phansekar,0.00021721258547907537
Gary Michael Schultz,0.00024556574738952033
Amy Poehler,0.000129969458972296
Steve Sacks,0.0006279808540513991
Chandra Prakash Dwivedi,0.0004121182475427173
Joe Johnston,0.0001983165532437343
Erik White,9.30322788622745e-05
Kunal Kohli,0.00030366353677509705
Austin Kolodney,0.00026111269753040836
Vivek Agnihotri,0.0004867055317439586
Jared Stern,6.752341986867257e-05
J.F. Musial,0.0
Vinay Sapru,3.678731487804739e-05
Terry Hughes,3.869746486037881e-06
Jennifer Phang,0.00011419448472206031
George Clooney,0.0009295410538293798
Peter Segal,0.002373223839850449
Bob Odenkirk,0.00025366976679686384
Jason Winer,0.0018496733228558044
Ken Kushner,0.00014818043243284505
Sarah Smith,0.002719809516547598
Ben Wheatley,0.00011534313226869027
Tariq Khan,0.0
Satish Manwar,6.038755460938315e-05
Larry Latham,0.0013012894773204195
Sunil Kumar Agrawal,0.0029915229454915743
Ian MacAllister-McDonald,3.8955777182164235e-05
Gaëtan Brizzi,0.0004101503216813085
Tomm Moore,0.0004101503216813085
Zoya Akhtar,0.012616459655654826
Mozez Singh,1.2983277086057192e-05
Paul Thomas Anderson,0.005250459893484796
Joel Crawford,0.00025707697948635256
Neil Armfield,5.259362817381556e-05
Frank Coraci,0.0075107209608755885
Billy Ray,0.0006503725257680225
Éric Warin,4.1404918026262795e-05
Amar Kaushik,0.0002711279616324739
Steve Boettcher,0.0003975408522145245
Matthias Hoene,0.00016455538346346748
Franck Ekinci,0.0010842337871030377
Kieran Darcy-Smith,0.0002233939593813111
Farah Khan,0.004230861653302454
Michael Polish,0.00020670808824305325
Charlie McDowell,0.00036437017617998465
Anthony Scott Burns,7.705312193686318e-05
Andy Goddard,0.00039537160590229247
Rich Moore,0.0020863208069470812
Hiroshi Aoyama,0.0005190001522902636
Richard Kelly,0.0002952943614455562
Nicolas Winding Refn,0.0011839319397027588
Ash Brannon,0.0004172747308560055
Shadae Lamar Smith,0.0002022391819021092
John Stockwell,0.0001896662850026319
Drake Doremus,0.0013481364393464642
Toshiyuki Kanno,0.0
Girish Malik,0.0002183472224656573
Brian A. Miller,0.00039648823619284676
Robin Swicord,0.0005809878573979819
Àlex Pastor,0.0001135500632966788
John Scheinfeld,8.266558782776821e-05
Jesse V. Johnson,0.0015374684321412333
Sumitra Bhave,0.00018960256506441554
Gurmmeet Singh,1.9015808361175598e-05
Soumitra Ranade,7.35245801020081e-05
Shoojit Sircar,1.4733470187309175e-05
Nandita Das,2.0872573405006442e-05
Stacie Passon,0.00030816275726015845
Jennifer Morrison,0.0002103394374315807
Eric Radomski,0.0012707576852432486
Måns Mårlind,5.3048725620389185e-05
Jon Hurwitz,9.25392280513607e-05
Kaizad Gustad,0.0006511379240534828
Ashwiny Iyer Tiwari,3.4108874407381184e-05
Zach Braff,0.000938632681282101
Ken Ghosh,3.779882596595571e-05
Prashant Nair,0.0026233294205743416
Matthew Vaughn,0.00102435363735905
Sandeep Mohan,0.0001467084760900482
Apoorva Lakhia,0.0010855504139715907
Mohammed Hussain,3.2591064399719085e-05
Neil Burger,0.0002805919372587929
Mohsin Ali,0.0
Phil Nibbelink,0.00020265392946901178
Dean Wright,0.0006965417293162733
Neeraj Pandey,0.010955859800497443
Manjeet Singh,1.5169437288962395e-06
Roxanne Benjamin,3.3976012442945086e-05
Duncan Jones,0.00024281007526187227
Kelly Fremon Craig,2.655151876314078e-05
John Irvin,0.00017723846593488516
Atharv Baluja,3.437819373560916e-05
Jay Chandrasekhar,0.00034671562445978113
Peyton Reed,0.01311192050839113
Scott Hicks,0.00023927003061988394
Marcus Raboy,0.006915416050363566
Rahat Rahman,0.0
Alejandro G. Iñárritu,0.0011949253082138899
Paul Andrew Williams,0.00017485783207598938
Peter Farrelly,0.016701674218784438
Anusha Rizvi,0.0004046340685488793
Shivam Nair,0.003078312205993921
Steve Antin,0.0008817166965829194
Brian Helgeland,0.00039539679353136416
Krishnendu Chattopadhyay,0.0
Grant Heslov,0.0013914098326397988
Julian Jarrold,7.565902216800309e-05
Clint Eastwood,0.004994893169039682
Abhishek Chaubey,0.00018450359590565482
Greg Pritikin,0.00020537158403229698
Philipp Stölzl,0.0014992934223135084
Akshay Akkineni,4.399291878220703e-05
Isaac Florentine,0.00017291921393976199
Simranjit Singh Hundal,2.459050430724921e-05
Bill Plympton,0.0004101503216813085
Abhay Chopra,1.4911632371377324e-06
Roland Emmerich,0.0001299422012524657
Syed Ahmed Shawki,0.0
Haissam Hussain,0.0
Alan J. Pakula,0.0007295223663738199
Terry Loane,0.00019969917941131213
Bo Welch,0.00040610301327874475
John Maclean,0.00010724815955646831
Toa Fraser,0.00010979023371610268
Tom Ford,0.00036674048502082017
Alexandre Espigares,6.706736949822954e-05
Rob Marshall,0.0003076013521035987
Ryan Moody,0.0002022391819021092
Ahsan Rahim,2.2670604966489797e-05
John Sanford,0.0001514061036343989
Andrew Stanton,0.006103754568640445
Stanley Tong,0.0036279895304974106
William H. Macy,0.0003360503762834289
John Michael McDonagh,0.00017838780289659067
Adam Smith,6.30275298123978e-05
Yasushi Muraki,0.0
Alfred Gimeno,0.0005940798136024556
Thomas Carter,6.780292499712033e-05
Stephen Daldry,0.0002486106126797768
Austin Stark,0.00034489382509476164
Tinnu Anand,0.00017606029394470326
Michael Carney,0.0002648337517038879
Werner Herzog,0.0015092477215145712
Kavi Raz,0.0007967786155844746
Sanjay Dayma,9.857410014478962e-05
Philip G. Atwell,0.0001337729236740199
Koichi Mashimo,0.0
Kundan Shah,0.006643847885022954
Jon Avnet,0.0002109926313494923
David O. Russell,0.0003089968633662369
Peter Hewitt,0.00034484637110709487
Andy Serkis,0.0006541087179933288
Aruna Raje,4.658206394424771e-05
Sanjay Soorkar,0.00013834920968002878
Brad Peyton,0.002444828249367543
Xu Zhang,0.00026111269753040836
Sai Paranjape,5.62734457787309e-06
Rajkumar Hirani,0.0006427492334413557
Nikhil Advani,0.00043706798175480296
Archie Borders,7.813669303321834e-05
James Mangold,0.0005117904529644389
Kurt Voelker,0.00010925009811880632
Elaine Bogan,0.0001514061036343989
Dustin McKenzie,0.0006279808540513991
Drue Metz,0.00026111269753040836
Ross R. Shuman,0.0009731967432493361
Pawan Kripalani,5.456406274926256e-06
Raj Kapoor,0.0001974458942778754
Adam Wood,5.364100555986937e-05
Joel Coen,0.003085827540361789
David Palmer,0.0005162132854092079
James Ponsoldt,0.0005396000676536333
Rakesh Mehta,0.0005537543083968383
Josh Vietze,0.0
John Curran,0.0011716362769733204
Jim Field Smith,0.00011536755133659241
Barry Levinson,0.0003247514161258647
Geetu Mohandas,1.334043670366398e-06
Chris Robinson,8.747804681966661e-05
Renzil D'Silva,0.0013740185195670774
Anil Sharma,0.0002748308953620221
Robert Zemeckis,0.0007190098838966479
Praveen Nischol,7.082362877618483e-06
David Soren,0.0051497472558194295
Rian Johnson,0.004056350261188739
Vikram Pradhan,3.539807849668878e-05
James L. Brooks,0.00019340526435745363
Paul Solet,8.900657048772491e-05
Dave Dorsey,0.00026111269753040836
Adam Nimoy,0.0008400104393499762
Raj N. Sippy,0.0001633594734598103
Rita Coburn Whack,0.00047175536154827957
Munish Bhardwaj,4.159845549528781e-05
Vijay Kumar Arora,0.00014477593158229113
Steve Hickner,0.0006863991555794419
Michael Apted,0.00011127455969411096
Sanjay Leela Bhansali,0.00010767281841798709
Mike Fetterly,0.00010749311974300786
Krishna Vamshi,0.0002899692453951259
Neal Brennan,0.0030556775257812806
Jennifer Kaytin Robinson,0.00012974198805038126
David Lee Miller,5.309445572388878e-05
Joe Russo,0.003196470078312187
Christopher Guest,0.0013726140319425275
Ruben Fleischer,0.0004225999356672146
Mark Waters,0.0008726109256723313
Jennifer Westcott,0.0006377795636719689
Eeshwar Nivas,0.00018944184437931307
Tanveer Khan,8.64660905943902e-05
Ekachai Uekrongtham,0.0001136841364591261
Stephen Gyllenhaal,0.0005009314215720926
Tejas Prabha Vijay Deoskar,6.298637352357155e-05
David Pastor,0.0001135500632966788
Qaushiq Mukherjee,0.00034180185682473766
Tony Kaye,0.00018711869851274535
Santram Varma,5.15373954171741e-06
Priyadarshan,0.00809143639970561
J.C. Chandor,0.0009542693407339085
Peter Hutchings,0.0003020760738460844
Keoni Waxman,0.00011452447904738492
Jody Hill,8.326365646922154e-05
Jesse Peretz,0.0023315782834082005
Matthew Robinson,0.00041309666449410184
Brandon Somerhalder,0.00026111269753040836
Griffin Dunne,0.006293696408578897
Simon Curtis,0.00024839745347427893
Mohammed Saeed Harib,0.0004101503216813085
Edgar Wright,0.0014477418334999782
Raman Kumar,7.03320240238045e-05
John Kahrs,0.00032824269591779357
Nicholas Stoller,0.00042084191023300944
Andrzej Bartkowiak,0.0013241245975749592
David Dhawan,0.02572728320275801
Girish Mohite,2.2056157706437546e-05
James McTeigue,0.0006217086482045011
Eric Summer,4.1404918026262795e-05
Scott Martin,7.990478503963509e-05
Milind Dhaimade,2.098094640873235e-06
Nathan Greno,0.00032824269591779357
Abbas Alibhai Burmawalla,0.010645672167801136
Sudhanshu Saria,3.6370549185848205e-05
Bob Hercules,0.00047175536154827957
Ken Kwapis,0.0012994510055269087
Andrew Mogel,0.0002990372344871263
Ishi Rudell,0.0001613371805771862
Kyle Patrick Alvarez,0.0005794190185797443
Baljit Singh Deo,0.00036626802045556275
Robert Vince,0.0005760933878525308
Anne Fletcher,0.00015300561841693247
=======
Jeffrey Nachmanoff,0.0114501333936708
Supavitra Babul,1.511540232062441e-05
Noah Baumbach,0.005571525608933386
Sarah Adina Smith,0.001577419757188361
Mark Columbus,0.00020223918190210923
Julian Jarrold,7.565902216800309e-05
Anand Tucker,0.0009193328857328204
Robert Vince,0.0005760933878525302
Stu Livingston,0.00236842786227744
Haissam Hussain,0.0
Shlok Sharma,6.586305837345646e-05
Kathryn Bigelow,0.00035451103771370776
Amit Rai,0.0030296639667515076
Rajkumar Hirani,0.0006427492334413557
Abbas Tyrewala,3.9602215612346483e-05
Mike Newell,0.0070261969167908864
Castille Landon,0.0003780301362682605
Gulzar,2.268468693807208e-05
Karen J. Lloyd,8.295547694521425e-05
Joe Johnston,0.00019831655324373422
Tom Hooper,0.0040501721296737556
Sam Taylor-Johnson,0.00013318506900909598
Adam Nimoy,0.0008400104393499766
Raj Kanwar,0.0011732562131067364
Tanveer Khan,8.64660905943902e-05
Kieran Darcy-Smith,0.00022339395938131097
Jaivi Dhanda,0.00032498845488617616
Apoorva Lakhia,0.0010855504139715916
Matthew Vaughn,0.0010243536373590492
Partho Ghosh,0.00014462683734834455
A. Salaam,0.0007569340111573244
Vishal Mishra,0.00016972025751481115
Rick Morales,0.00014178429139989084
Kushal Srivastava,1.5153078838134267e-05
Jarrad Paul,0.0002990372344871266
Akiva Schaffer,0.003131797407826403
Frank Paur,0.001340670928795275
Jeeva,2.7122881058741378e-05
Steve Antin,0.0008817166965829203
Hiromasa Yonebayashi,0.0014969659851069587
Gauri Shinde,0.00016806464405748366
Nancy Meyers,0.00013382515232498708
Deniz Gamze Ergüven,0.00010063007145517797
Sam Raimi,0.01055618711563484
Amy Poehler,0.00012996945897229595
Shyam Benegal,0.015960796456852378
Kavi Raz,0.0007967786155844749
Benjamin Arfmann,0.00016478978857625864
Karthik Subbaraj,6.071600926127092e-06
Nikhil Nagesh Bhat,3.906627810303889e-05
Satish Kaushik,0.0021940986600332978
Claude Barras,0.0001753128051102884
Mike Gunther,0.00027617502991897965
Samit Kakkad,0.00016178121334476373
Ben Shelton,8.09738898460403e-05
Roger Allers,0.0091795425202162
Amarpreet G S Chabbra,1.2667389089883645e-05
John Irvin,0.0001772384659348851
Lone Scherfig,0.0005102121425421115
Chris Sivertson,0.0001243997753453335
Byron Howard,0.005366303081043176
Nalan Kumarasamy,0.00014670847609004828
Wayne Orr,8.050924080267795e-05
Ethan Coen,0.0030858275403617902
James Ponsoldt,0.0005396000676536338
Kristian Levring,6.318630718931365e-05
Andrew Stanton,0.006103754568640455
Steve Boettcher,0.0003975408522145242
Anu Menon,0.001174723294143904
Devika Bhagat,0.0001968675900865305
Aziz Mirza,0.003225932616921066
Andrew Duncan,0.0006279808540513987
Paul Schrader,0.0017604783040985335
Don Bluth,5.874388526474786e-05
Manish Jha,0.0006520068676282078
Bauddhayan Mukherji,7.795010655369173e-06
Anand Tiwari,6.89527796669422e-05
Mitch Schauer,0.0010031197172284084
Varun Narvekar,7.822407788815653e-06
Scott Martin,7.990478503963509e-05
Neill Blomkamp,0.007109361427216525
Mario Van Peebles,0.00034891509331225554
Girish Joshi,6.655436867054117e-05
Andrew Bujalski,0.0002828833265627836
Martin Campbell,0.0012046095615234292
Ken Kushner,0.00014818043243284505
Joel Schumacher,0.0019678432778667126
Ajay Bhuyan,1.9721686361248462e-05
Sarthak Dasgupta,2.4155785118529158e-05
Ridley Scott,0.0025699549311293517
Sujoy Ghosh,0.0008094616445301279
Bo Welch,0.0004061030132787444
Sidharth Malhotra,4.674775647507804e-06
Eli Roth,0.0005067390681765599
Sooraj R. Barjatya,0.001734177610963258
Tariq Khan,0.0
Kazumi Fukushima,0.0005190001522902629
Stanley Tong,0.0036279895304974115
Lesli Linka Glatter,0.0005906399690109275
James Gunn,0.0062936964085788995
Rob Cohen,0.006305518430754058
Phillip Noyce,0.00171890997279271
Alex Proyas,0.00046375496450747923
Rai Yuvraj Bains,0.0006414017314949079
Jason Winer,0.0018496733228558064
Mahsun Kırmızıgül,0.00017603405749939597
Kevin Munroe,0.0009220023987264182
Kaizad Gustad,0.000651137924053483
Louis Leterrier,0.0014272829549307265
Lauren MacMullan,0.0003282426959177938
Tanuja Chandra,0.0001699776140779535
Syed Ahmed Shawki,0.0
Patrik Forsberg,0.0062936964085788995
Mozez Singh,1.2983277086057186e-05
Jay Chandrasekhar,0.0003467156244597813
Shakun Batra,0.00010429522833416095
Jonathan Baker,0.00012229785328365426
Duncan Jones,0.00024281007526187205
Bruce Robinson,0.0011880642990779236
Nicolas Winding Refn,0.0011839319397027592
Raj N. Sippy,0.00016335947345981052
Joseph Chou,0.0
Terry Loane,0.00019969917941131213
Anil V. Kumar,0.00010609697943499254
Aniruddha Roy Chowdhury,9.700966776240005e-05
Robert C. Ramirez,0.0006614784873875373
Philipp Stölzl,0.0014992934223135087
Dave Dorsey,0.00026111269753040857
John Scheinfeld,8.266558782776821e-05
Harjit Singh,0.0
Sushil Majumdar,5.381334865705435e-06
Manav Shah,5.419265105345474e-05
Bobby Roth,3.079742089954675e-05
Krishnendu Chattopadhyay,0.0
Harry Baweja,0.0
Chuck Russell,0.00018982717460996993
Lawrence Kasdan,0.0004904579552043564
Brett Ratner,0.007319553473257727
Nagesh Kukunoor,0.0051829610716228785
Mike Fetterly,0.0001074931197430077
John Musker,0.003349231176337201
Gary Michael Schultz,0.00024556574738952033
Avadhoot Gupte,3.9929652188541274e-05
Kevin MacDonald,0.00036698512725223453
Mark Landre Gould,0.00019033440819949893
Rohit Shetty,0.0033309247465143754
Billy Ray,0.0006503725257680223
Bong Joon Ho,0.0017830322040592293
Patricia Rozema,0.0027808836626817875
Frank Coraci,0.007510720960875585
Michael Dowse,0.0015206531862124756
Michael Bay,0.0009423143822097547
Dominic Sena,0.005511555066232932
M.J. Bassett,0.0001484918974282307
Farah Khan,0.004230861653302463
Bryan Singer,0.0012418102669466795
Yorgos Lanthimos,0.0007195448011706682
Antoine Fuqua,0.010195149196669301
Dito Montiel,9.638510481799896e-05
Rob Marshall,0.00030760135210359835
Michael Gallagher,0.00011680522211731105
Louis J. Horvitz,0.0009145772147285632
Anthony D'Souza,0.0018921997093337463
Ian MacAllister-McDonald,3.895577718216424e-05
Renzil D'Silva,0.0013740185195670758
Guillermo del Toro,0.0016494060723143858
Robert Altman,0.004826713954941978
John R. Leonetti,9.119564918707595e-05
Scott Aukerman,0.0038078268877874137
Oren Uziel,0.0002987156656943402
David Dhawan,0.025727283202758015
Manika Sharma,7.647440036482631e-05
Charles Martin Smith,0.0005405699866074213
Victor Levin,0.000540957750455262
Chandrakant Kulkarni,0.002199128933507569
Rajkumar Santoshi,0.006162858921550889
Neil Burger,0.0002805919372587928
Pierre Morel,0.00014255063444768243
Maya Forbes,0.0007734187266474589
Tim Blake Nelson,0.00118483348588749
Keenen Ivory Wayans,0.0004309587047112758
Joe Ksander,0.0005264227873994617
Rakeysh Omprakash Mehra,0.015032802085346561
Spike Jonze,0.0004575277263208878
Jenna Laurenzo,7.97105512933158e-05
Måns Mårlind,5.304872562038917e-05
Saurabh Kabra,0.00011247526968201264
Tommy O'Haver,0.0004007176756693001
Nikhil Advani,0.0004370679817548029
Ravi Udyawar,0.00025440661974215055
Andrew Loo,0.0
Drue Metz,0.00026111269753040857
Andrew Lau Wai-Keung,0.0
Peter Segal,0.0023732238398504516
Abhinay Deo,0.010959501462318787
Amit Roy,3.0594516136395795e-05
Mary Harron,0.001029310072132359
Anna Boden,0.0006127953933687271
Hemant Gaba,0.00014670847609004828
Gaby Dellal,0.0008756412291616464
Michael Socha,0.000410150321681308
Zoya Akhtar,0.01261645965565484
Jonathan Sobol,8.910544638402616e-05
Vijay Lalwani,7.280045272137361e-05
Phil Nibbelink,0.00020265392946901178
Rahul Dholakia,0.0008425466348577997
Rusty Cundieff,0.009166265740936997
Mahmudul Islam,0.0
Stephen Gyllenhaal,0.0005009314215720933
Deepti Naval,8.716649134545689e-05
Pawan Kripalani,5.456406274926256e-06
Nuhash Humayun,0.0
Larry Latham,0.0013012894773204201
Pooja Bhatt,0.0002808732200471132
Smeep Kang,5.954610739047664e-05
Lilly Wachowski,0.006463722184699294
Evan Katz,0.00022295862265920034
Chris McCoy,0.00010062937560910986
Johannes Roberts,0.0003813640485509685
Christopher Guest,0.0013726140319425277
Fernando Lebrija,0.0007329817770458427
Eric Summer,4.140491802626278e-05
Julie Taymor,0.00014787700331001896
Wes Craven,0.001982680367690233
Chris Jenkins,0.00016049222149507478
Ivan Reitman,0.0008399741053474471
Habib Faisal,4.748651013573849e-06
David Palmer,0.0005162132854092079
Allan Ungar,0.00020338970621124565
Simon Savelyev,0.00020223918190210923
Jason Reitman,0.0020637888568526973
Bhushan Patel,6.373282365350168e-05
Archie Borders,7.813669303321832e-05
Krishna D.K.,0.008367885599872994
Frank O'Connor,0.0
Shawn Arranha,1.2099007375136765e-05
Alana Waksman,0.00026111269753040857
Michael D. Black,0.023480524653021608
Matt Kugelman,0.00016400558776806339
Chris Williams,0.0019220852737692462
Andy Goddard,0.0003953716059022923
Kevin Reynolds,8.450389762374095e-05
James McTeigue,0.0006217086482045015
Dan Bush,0.0003562195755114598
Susanne Bier,0.0008057919169449784
Dan Gilroy,0.0002140914829508304
Shinji Aramaki,0.0
Michael Carney,0.00026483375170388763
Gary David Goldberg,0.00023590920878479522
Ari Sandel,0.00045420309854848174
Mike Mills,0.00011362801162685013
Rob Silvestri,0.0006412608716815812
Chris Stokes,0.00021180010234160928
Richard Kelly,0.0002952943614455562
Troy Nixey,9.131920871803116e-05
Prabhuraj,6.451669936619121e-05
Brit McAdams,0.0001417313053633456
Richard Curtis,0.0001803625680200256
David Mirkin,0.0009679877792498084
Kabir Sadanand,0.0020479645328694185
Thomas Astruc,7.599145322708672e-05
Matthias Hoene,0.00016455538346346764
Tensai Okamura,0.0008085130814713895
Neil Jordan,0.0011696257125138653
Matthew Robinson,0.0004130966644941014
Anne Fletcher,0.00015300561841693236
Lee Tamahori,0.017246258472000495
Barry Sonnenfeld,0.003340390217667729
R. Balki,0.0009926218335218296
Raaghav Dar,0.00025912118533523204
Jennifer Morrison,0.0002103394374315809
Tim Hill,0.000223700478802182
Girish Malik,0.000218347222465657
Bob Nelson,0.0008856767011643726
Mark Osborne,0.004895454681344332
Amol Palekar,0.004093852267186594
Steve Brill,0.008110833732003607
Shekhar Kapur,0.00017621571563791125
Karey Kirkpatrick,0.0007717611407355618
David Koepp,8.887904367828096e-05
Mike Gabriel,0.0003282426959177938
Jennifer Kaytin Robinson,0.00012974198805038126
Joann Sfar,0.000410150321681308
Leo Riley,0.00023687882753172982
Priyadarshan,0.008091436399705616
Onir,0.001236341157638307
Barry Jenkins,6.890106399403395e-05
Jay Chapman,8.858538358132295e-05
M. Night Shyamalan,0.0004340829213170145
Alexandre Aja,0.00016392430915522334
Umesh Mehra,0.010585199496923119
Lauren Hoekstra,0.00020223918190210923
Jon Gunn,0.00018862856213014247
Marcus Raboy,0.006915416050363566
John Wells,0.000660374452671429
Faraz Haider,0.00018273615108918264
Ajay Bahl,7.085325808771812e-06
Roland Joffé,0.008697049606688673
Michael Cuesta,0.001789505967825234
Ruben Fleischer,0.0004225999356672146
Shashanka Ghosh,0.00011927140134591129
Srivinay Salian,3.063700453611806e-05
Raj Nidimoru,0.008367885599872994
Jamie M. Dagg,0.0008150647686199173
Sajid Khan,7.496015481739617e-05
Puri Jagannadh,0.0006039061940322207
Vijay Kumar Arora,0.00014477593158229127
Paul Solet,8.900657048772494e-05
Pamela Romanowsky,0.0006781539080967934
Josh Vietze,0.0
Fabrice Du Welz,0.0010719481146289937
Adam Egypt Mortimer,7.705312193686318e-05
Tanvir Ahsan,0.0
Simon Wells,0.0024020941835752796
Andrew Douglas,0.0004846000314204226
Rajiv Mehra,0.0015366569056004889
Dibakar Banerjee,0.016265003167257697
Sunil Thakur,0.001042086860429288
Brad Anderson,0.008254750876317345
Laxman Utekar,0.00013677544072881526
Curtis Hanson,0.0006431170056835284
Bill Plympton,0.000410150321681308
Danny Leiner,0.0007369913467541745
Hayden Schlossberg,9.25392280513607e-05
Rakesh Mehta,0.0005537543083968381
Anthony Scott Burns,7.705312193686318e-05
Chris Robinson,8.747804681966664e-05
Ekachai Uekrongtham,0.00011368413645912616
Jay Roach,0.005678560740653087
Adam Wingard,0.00017885535576989955
Austin Stark,0.0003448938250947618
Vipul Amrutlal Shah,0.004513397002897547
Chandra Prakash Dwivedi,0.0004121182475427174
Elizabeth Banks,0.0062936964085788995
Steven Knight,6.0933366604627285e-05
Syed Ahmad Afzal,0.0001830888675062664
Peter Chelsom,0.0003316557601459005
Shadae Lamar Smith,0.00020223918190210923
Éric Warin,4.140491802626278e-05
Adam Wood,5.3641005559869334e-05
Jonathan Levine,0.0020426964293853945
Vadim Jean,4.532794326250697e-05
Reema Kagti,0.0023560051219967547
Robiul Alam Robi,0.0
Jody Hill,8.326365646922154e-05
Milan Luthria,0.002460090190444765
George C. Wolfe,0.0006753483699625512
Fuwad Khan,0.00023433094385046324
Vikram Bhatt,3.0510801566357788e-05
Xu Zhang,0.00026111269753040857
Rohit Jugraj,0.0015548532138620376
Björn Stein,5.304872562038917e-05
Mir Mukarram Hossain,0.0
Pankaj Batra,0.009875040174863618
Max Martini,0.0006563673144752493
Alethea Jones,0.0005131295737589738
Elaine Bogan,0.00015140610363439892
Arnab Chaudhuri,1.904847665033899e-05
Abdullah Al Noor,0.0
Ishi Rudell,0.00016133718057718637
James Foley,0.0005005928558248706
Ken Kwapis,0.0012994510055269089
Richard Donner,5.330723318464894e-05
Karan Johar,0.0019797389606747862
Renny Harlin,0.0024504772007105428
Gabriele Muccino,0.0021066996413995343
Joel Coen,0.0030858275403617902
Marc Abraham,0.00035007471561191545
Sanjay Soorkar,0.00013834920968002867
Keoni Waxman,0.00011452447904738483
David Grossman,0.0005050489536000782
Jon Hurwitz,9.25392280513607e-05
Harald Zwart,0.0002083470575017513
Massy Tadjedin,0.0003658255641509126
Koji Sawai,0.0
Olivier Assayas,0.0001589140009421031
Mark Rosman,0.0004842863018753224
Biswajeet Bora,2.1547890197680744e-06
Paul Demeyer,0.0006748433539006016
Dustin McKenzie,0.0006279808540513987
Julius Onah,0.00034203147752571864
Ahsan Rahim,2.26706049664898e-05
Lynn Shelton,0.0037771086719626903
Woody Allen,0.0011091687055075075
Matt Piedmont,0.00017849873382838106
Scott Zabielski,0.00018156582418616453
William Eubank,0.000617200468754138
Sudesh Manjrekar,5.9287491095385485e-05
Shanawaz Nellikunnil,1.122318160309446e-05
Amber Tamblyn,0.0005896547057707546
Aaron Nee,6.343533988157183e-05
Mathieu Kassovitz,0.0007610118272179683
Tom Gianas,0.0009731967432493355
Harmony Korine,0.0002004749063909042
Yasushi Muraki,0.0
Isaac Rentz,0.0002965406808723862
Sean Penn,0.00021782935847015602
André Øvredal,0.00013597442874210708
David E. Talbert,0.00018087256110202622
Gore Verbinski,0.0003342624592927872
Brad Peyton,0.002444828249367548
Tamara Jenkins,0.000975377728364545
Mastan Alibhai Burmawalla,0.01064567216780114
Koichi Mashimo,0.0
William H. Macy,0.00033605037628342874
John H. Lee,0.0
Prakash Balwant Saini,0.00016613590859099043
Kevin Donovan,0.0005692996452983355
Karyn Kusama,0.00347338424997778
Stig Bergqvist,0.0006748433539006016
Mark Waters,0.0008726109256723322
Patrick Osborne,0.0003282426959177938
Brian De Palma,0.00048262809794044794
Ted Demme,0.001994622141695766
Leslie Small,0.0014729346261841607
Lauren Miller Rogen,0.0002703597717184579
Craig Brewer,0.003749545226076129
Sam Mendes,0.004465211586921527
Raman Kumar,7.03320240238045e-05
Yasir Nawaz,0.0
Martin Zandvliet,7.023557815975279e-05
Simon J. Smith,0.0006863991555794419
Paritosh Painter,6.11665502225504e-05
Santwana Bardoloi,0.0
Griffin Dunne,0.0062936964085788995
John Patrick Shanley,0.00047186172461826607
Pan Nalin,0.00034948086632997206
Peter Hutchings,0.0003020760738460845
Mohsin Ali,0.0
David Soren,0.005149747255819423
Nicole Holofcener,0.0004230894891409086
Baljit Singh Deo,0.00036626802045556313
Alain Desrochers,0.0035654972503510857
Nidhi Sharma,0.0020836877039726175
Mani Ratnam,0.025062448712820432
Jon Avnet,0.00021099263134949245
Keiichi Hara,1.1300710599804727e-05
Kamal Sahani,0.0001680960268164381
Scott Marshall Smith,2.1114242570342984e-05
Alan J. Pakula,0.0007295223663738203
Jovanka Vuckovic,3.397601244294512e-05
Hideki Futamura,0.0
Anne Fontaine,0.0003348110886445313
Amar Gupte,4.511221737793955e-06
Paul Brizzi,0.000410150321681308
Adam Nee,6.343533988157183e-05
Clark Johnson,2.3009058665062692e-05
Ganesh Kadam,2.5043049914146906e-05
Wally Pfister,0.0021309214731225937
Brad Bird,4.575301963872882e-05
Barry Levinson,0.00032475141612586475
Nathan Greno,0.0003282426959177938
David R. Ellis,0.0004616547311999211
Abhay Chopra,1.4911632371377328e-06
Allen Hughes,0.0012374985987767728
James L. Brooks,0.00019340526435745358
Subhash Ghai,0.015883862011643126
Sally Potter,0.0017939862987938159
Michael Paul Stephenson,0.00018590020460813671
Nicholas Kharkongor,0.00018524722401314488
David Mackenzie,0.0009862040902063197
Lekh Tandon,1.3871201830504928e-06
Gurinder Chadha,0.01759636320447546
Robin Swicord,0.0005809878573979823
Gary Shore,7.705312193686318e-05
Paul Thomas Anderson,0.005250459893484794
Adam Shankman,0.006540237281898199
Mamoru Oshii,0.0
Stacie Passon,0.0003081627572601582
Alexandre Espigares,6.706736949822955e-05
Isaac Florentine,0.00017291921393976196
Daniel Alfredson,0.003244688944586866
Jay Russell,0.00026532935201642064
Michael Tiddes,0.0005410777540143784
Bruce McCulloch,0.00018356647263436236
Mukesh Vohra,0.00046119497286571366
Jim Field Smith,0.00011536755133659233
Rob Reiner,0.002508027592433647
Jean-Marc Vallée,0.0004019771679048687
David Beier,0.00026111269753040857
Franck Ekinci,0.0010842337871030392
Marti Noxon,0.0002403397278188717
Ryan Polito,0.0005095058636539064
David M. Rosenthal,0.0001642217597661788
Quentin Tarantino,0.012467301691379674
Roland Emmerich,0.0001299422012524658
Ian Nelms,0.001035057247427346
Don Michael Paul,0.006996344483111942
Jim Stenstrum,0.0005190001522902629
John Maclean,0.00010724815955646838
Richard LaGravenese,0.0007813563894415357
Ksshitij Chaudhary,0.0015145985034253154
Gideon Raff,0.007006710996433351
Ezekiel Norton,0.0005656738160368334
Devashish Makhija,0.000118034320675829
Kabir Khan,0.00011521757768856469
Vikas Bahl,6.74926481540364e-05
Kasra Farahani,7.894244220165012e-05
Abhishek Kapoor,0.0008425888788699947
Rana Ranbir,2.333471043149772e-05
Leena Yadav,0.04357012484872334
Steve Hickner,0.0006863991555794419
Brendan Malloy,4.3451276394477267e-05
Evan Spiridellis,0.0009614368924996451
Shirish Kunder,0.006853119690070971
Rahat Rahman,0.0
Ernie Barbarash,0.00035603438482291683
Beeban Kidron,0.00032608214085468447
Samar Khan,0.0002342518838858675
Sarah Smith,0.0027198095165475943
Conrad Helten,0.00039494327743389577
Daniel Gray Longino,0.0009565257667629682
Aditya Sarpotdar,0.0005710217354024154
Jani Lachauer,0.00027671530181687013
Gregory Hoblit,0.00689002679141049
Tom Ford,0.00036674048502082033
Ari Folman,0.0005175735483970524
Mike Flanagan,0.0008572709428195084
Edgar Wright,0.0014477418334999772
Marc Forster,0.00022732707815330185
Rich Moore,0.002086320806947078
Rob Minkoff,0.0009980011506314573
Jonathan van Tulleken,0.0062936964085788995
Krish,0.00016728010799048874
K. Ramanlal,4.838355000047116e-05
Mark Williams,0.0891365289467695
Neal Brennan,0.0030556775257812837
Iain Softley,0.0003307058932302831
Rahat Kazmi,2.8747723678131154e-06
Atanu Mukherjee,0.00013125362390175566
Edward Zwick,0.0008580171700950199
Henrik Ruben Genz,0.0002548213099349804
Nora Ephron,0.0008174998516840997
Nic Mathieu,0.00013179518135031135
Jasbir Bijendra Bhati,0.0001953431857723985
Jennifer Lynch,2.6361438236118845e-05
Jocelyn Moorhouse,0.001796325532323625
Ryan Coogler,0.00012273310449162526
Eondeok Han,0.00014789138168467517
Amitoj Mann,8.434029439095811e-05
Hugh WIlson,0.00039994163418925776
Gil Kenan,0.0004065957330126939
Amar Kaushik,0.00027112796163247436
Andy Serkis,0.0006541087179933294
Raj Kaushal,0.00021914945262206995
Nandita Das,2.0872573405006442e-05
Dean Wright,0.0006965417293162738
Shravan Kumar,5.7745450292788215e-05
Partho Sen-Gupta,0.00010541140736909574
Sai Paranjape,5.627344577873088e-06
Sumitra Bhave,0.00018960256506441567
Robert Zemeckis,0.0007190098838966471
Nagraj Manjule,1.1321845503973726e-05
John Michael McDonagh,0.0001783878028965905
Lana Wachowski,0.006463722184699294
Nicholas Stoller,0.00042084191023300993
Nicolás López,0.0
Tom Tykwer,0.0013172082860700939
Alex Brewer,0.000317115105937363
Stephen Donnelly,2.1637630533810196e-06
Roxanne Benjamin,3.397601244294512e-05
Julius Avery,8.752005322493672e-05
Mohit Suri,4.860809685392882e-05
Robert Schwentke,0.0002735153435084063
Logan Kibens,6.550980008842883e-05
Balu Mahendra,3.618617643917922e-05
Manjeet Singh,1.5169437288962395e-06
Jay Baruchel,0.000706890397660044
Ian MacNaughton,0.0001486996570895684
Will Graham,0.0062936964085788995
Max Lang,0.00027671530181687013
Chris Koch,0.00024352346338997095
Eshom Nelms,0.001035057247427346
Miguel Arteta,0.0005044778200966228
Sandeep Mohan,0.00014670847609004828
Amardeep Singh Gill,0.00034904429895090446
Ash Brannon,0.00041727473085600574
Scott Cooper,0.0006353115165937045
Anusha Rizvi,0.00040463406854887975
Zoe Lister-Jones,0.00023929293063729926
Eric Radomski,0.0012707576852432493
Rolfe Kanefsky,0.0
Robert Smigel,0.00013659973475425006
Gary Wang,0.0007147418133440195
Greg Mottola,0.0006215672707542698
Fernando Meirelles,6.854537658126438e-05
Ashwiny Iyer Tiwari,3.410887440738114e-05
Timothy Reckart,0.0028842672388942414
Debaloy Dey,5.454104018281849e-05
Shreyas Talpade,4.302413112873374e-05
Lasse Hallström,0.05872727711919995
Àlex Pastor,0.0001135500632966788
Rodolphe Guenoden,0.0004495506783462854
James Wong,0.0007027143499775847
Andy Tennant,0.004817987223351522
Christian Charles,6.369395832294661e-05
Steve Ball,0.0011568416518555218
Larry Elikann,0.0003488934373022448
Anthony Minghella,0.0003610321825127672
Abhishek Chaubey,0.00018450359590565477
Vivek Agnihotri,0.00048670553174395874
Ken Marino,0.001199274107465101
Radhika Rao,3.67873148780474e-05
Tigmanshu Dhulia,0.00019258695707221167
David Leveaux,0.0003523548760200992
Toa Fraser,0.00010979023371610261
Adam Smith,6.302752981239776e-05
Christian Desmares,0.0010842337871030392
Umesh Ghadge,0.00014258764489627232
Maria Pulera,1.3530848508496796e-05
Samir Karnik,0.0030116331287421486
Sergio Pablos,0.0003676520842670718
Eric Idle,0.00034095025549429637
Vishal Bhardwaj,0.002042655436663257
Abhijit Kokate,3.063700453611806e-05
Ron Clements,0.003349231176337201
Sylvain Blais,0.0006036673890881649
Kelly Reichardt,0.0001697547699868676
Satish Manwar,6.038755460938313e-05
Viju Mane,2.2056157706437573e-05
J.F. Musial,0.0
Jesse V. Johnson,0.0015374684321412333
Ananth Narayan Mahadevan,0.0007093364047363568
Igor Kovalyov,0.0005994517083394201
Jennifer Phang,0.0001141944847220603
Phil Johnston,0.002086320806947078
Ayaan Mukherji,0.0008673668627012126
Alan Rickman,0.0011654097248669337
Jean-Loup Felicioli,0.0012665323952518216
Suparn Verma,0.001868193405810874
Sandeep Reddy Vanga,0.00019837849456765287
Manish Gupta,6.0929232284936835e-05
Phil Morrison,0.0001017345842244356
Syed Saleh Ahmed Sobhan,0.0
Ajay Phansekar,0.00021721258547907548
Michael J. Bassett,0.014675201691305569
Gurudev Bhalla,0.005306836947296478
Anubhav Sinha,8.651066121356191e-05
Sangeeth Sivan,0.0020290407479741025
Theo Davies,0.0005505255342167837
Roger Graef,0.00010480647672019312
Praveen Nischol,7.082362877618484e-06
Francis Ford Coppola,4.94637909377838e-05
Dennie Gordon,0.0008725683329430348
Werner Herzog,0.0015092477215145723
Brian A. Miller,0.0003964882361928466
Steven Brill,0.0009857489269853058
Jeff Tremaine,0.00010857605204437238
Roman Coppola,0.0003251880361567482
David Silberg,0.0002326669901371176
Steven C. Miller,4.374230399417339e-05
S.S. Rajamouli,1.7325061639697057e-05
Mahmood Farooqui,0.00040463406854887975
Satish Rajwade,0.00015938566118530096
Lars von Trier,0.001025841660803932
Ron Oliver,0.00029221257963935585
David Fincher,0.0019141872641262265
Sriram Raghavan,0.0013320360402721127
Rob Meyer,0.000282979705159543
N. Chandra,0.0034882240227575943
Christopher Smith,0.0012242135313114213
Shonali Bose,1.0839104699355905e-06
Rajeev Patil,1.5261258863377276e-05
Craig Gillespie,0.0006846158132321027
Sukhbir Singh,6.721974791013422e-06
Holger Tappe,9.818083380233562e-05
Nila Madhab Panda,0.001016595589208958
Andy Fickman,0.0006036827353857328
Atom Egoyan,0.00448305841734634
Kunal Kohli,0.00030366353677509727
Justin Kelly,0.0004111505958637647
Vikram Pradhan,3.539807849668878e-05
Golam Kibria Farooki,0.0
Mark Henn,0.0003282426959177938
Douglas McGrath,0.0007673948910546179
Roger Spottiswoode,0.00015605452334059363
Milind Rau,2.940721650581923e-05
Emmett Malloy,4.3451276394477267e-05
Tejas Prabha Vijay Deoskar,6.298637352357151e-05
Valli Bindana,0.0
Jeff Baena,0.008473276166482888
Tinnu Anand,0.00017606029394470334
Amaan Khan,0.002405088717978026
Tom Shadyac,0.003542815470381595
Gonzalo López-Gallego,0.0004524116398357001
John Stockwell,0.00018966628500263183
James Marsh,7.49416766656022e-05
Prashant Nair,0.002623329420574341
Mohammed Hussain,3.259106439971908e-05
Chester Tam,0.0027228114622507168
Olly Reid,2.1637630533810196e-06
Mahesh Bhatt,0.0016643185427271706
Tim Burton,0.0012862748597909032
Christopher Nolan,0.0014188940513243928
Punit Malhotra,5.577686968544523e-06
Mandeep Kumar,0.0009647174500252201
Chris Nelson,5.611047590051476e-05
Omung Kumar,2.7549694678201564e-06
Jun Falkenstein,2.1637630533810196e-06
Guillaume Renard,3.879773617501305e-05
Mark Raso,3.9819678110593705e-05
Shane Acker,0.0057107668954152575
Akshay Akkineni,4.399291878220699e-05
Raj Kapoor,0.0001974458942778753
Sean Hanish,0.0013528048630459272
Anees Bazmee,0.003744145131283131
Kurt Voelker,0.00010925009811880632
Abbas Alibhai Burmawalla,0.01064567216780114
Avinash Das,0.00021596675136616923
Andrew Niccol,0.0006892921259276335
Luke Snellin,0.000328203192890339
Charlie McDowell,0.00036437017617998497
Roger Kumble,0.0004189250543040486
Rajshree Ojha,0.00014670847609004828
Ryan Moody,0.00020223918190210923
Ashutosh Gowariker,0.001739537527607784
Jennifer M. Kroot,8.151977920228365e-05
Henry Selick,0.0003937850080322333
Neeraj Pandey,0.010955859800497434
Bobby Farrelly,0.0003662131248482717
Zack Snyder,0.0005647573988637861
Sameer Sharma,0.0007159486708974306
Kookie V. Gulati,0.0028361755488437446
Rajat Kapoor,0.00018787429722773248
Pranav Singh,3.452858061951342e-05
Sagar Sarhadi,1.860316881661012e-05
Param Gill,0.0009481475707053226
Danny Boyle,0.0032071051831986503
Johnny Castuciano,6.55938088681671e-05
Ahishor Solomon,0.00048130621452693504
Eric Stoltz,0.00012473655799142406
John A. Davis,0.005569637897601994
Jeff Gill,0.0009614368924996451
Andrew Fleming,0.0004195090343010323
Manbhavan Singh,0.0
Michael Goguen,0.00013837115824673544
Jesse Peretz,0.002331578283408197
Vivek Wagh,7.328662407423954e-05
John Kahrs,0.0003282426959177938
Mohammed Saeed Harib,0.000410150321681308
David O. Russell,0.0003089968633662368
Peggy Holmes,0.0057571792765463035
Frank Oz,8.518072170372615e-05
Brandon Somerhalder,0.00026111269753040857
Paul Andrew Williams,0.00017485783207598954
Paul Reubens,8.050924080267795e-05
Bharat Nalluri,0.00011653499628991745
Pramod Pawar,0.0003808976318764242
Jorge Blanco,0.0014252722361197377
Mikhil Musale,0.0009454934246158861
Qaushiq Mukherjee,0.0003418018568247377
Todd Phillips,0.0004302384724888304
Ross R. Shuman,0.0009731967432493355
Hoyt Yeatman,0.002187804858840917
Colin Teague,0.00034524503650724725
Prawal Raman,0.0003255061344379299
Marianna Palka,8.587762539207777e-05
Callie Khouri,0.00013079071490931926
Prem Soni,3.376252588905472e-05
Jeff Garlin,0.0004274848829501304
Simon Wincer,9.798574544855216e-05
Sachin,3.192040415317108e-05
Tomm Moore,0.000410150321681308
David Ayer,0.0009040772245640549
Annie Clark,3.397601244294512e-05
Peyton Reed,0.013111920508391139
Nicholas McCarthy,7.705312193686318e-05
Martin Scorsese,0.013615736059402682
Imtiaz Ali,0.001413639936436709
Scott Stewart,0.0031047170014684355
John Schlesinger,0.0008606565337743117
Sanjay Dayma,9.857410014478971e-05
William Lau,0.0011580070381460388
Jitendra Tiwari,3.452858061951342e-05
Gurmmeet Singh,1.9015808361175584e-05
Abhinav Shiv Tiwari,0.00014670847609004828
Mark Helfrich,0.0009045769927846265
Ed Gass-Donnelly,0.00025003608648193286
Gerard Barrett,0.0010229572424354017
James Mangold,0.0005117904529644388
Peter Lepeniotis,0.0020861838026083423
Christian De Vita,0.002025167400836426
Kevin Deters,0.0003282426959177938
Stephen Belber,0.00015758398113799345
Robert Rodriguez,0.01832558043569598
Jeremy David White,0.00020223918190210923
A. L. Vijay,8.710923932774581e-05
Manmohan Desai,0.00019404228731554496
Tony Leondis,0.0008518740127946712
Chandrakant Kanse,5.080883518030566e-05
Atharv Baluja,3.4378193735609154e-05
David Pastor,0.0001135500632966788
Charles Stone III,0.0013606508621200298
Latif Faiziyev,0.006631261856861139
Scott Hicks,0.0002392700306198838
Farhan Akhtar,0.012259547387908463
James Ivory,0.0001256770797231324
John Duigan,0.010121163114635866
Ashish R. Mohan,0.00012428371057160507
Gerard McMurray,0.00019808581325272257
Timothy Woodward Jr.,0.0004922749541846218
Joe Russo,0.003196470078312187
Taika Waititi,0.0032385128883885093
John Luessenhop,0.00032181861142147365
Chandan Arora,0.00024162527065224818
Surya S.J.,0.002991522945491575
Chad Van De Keere,0.003357192562821306
Terry Hughes,3.869746486037881e-06
Mike Myhre,0.00016381457671662105
Jeffrey W. Byrd,0.00029877464275017835
Ben Brewer,0.000317115105937363
Gillian Robespierre,0.00016360113711385164
Khalid Mohamed,7.948735282365777e-05
Peter Sattler,5.575759665756849e-05
Shelly Chopra Dhar,0.0003243078734164586
Hiroshi Aoyama,0.0005190001522902629
Adam Alleca,6.047640544278116e-05
Rucha Humnabadkar,2.0960021505646564e-05
James Duffy,0.0062936964085788995
Umesh Shukla,0.0028192762129119076
John Sanford,0.00015140610363439892
Geetu Mohandas,1.334043670366398e-06
John Hillcoat,0.0014856992731850322
Rob W. King,4.703227346054457e-05
Vincent Perez,8.887432151070622e-05
Jeremy Saulnier,0.0009319728765746851
Norton Virgien,0.0005994517083394201
Ashu Trikha,3.4188646179921486e-05
Phil Weinstein,0.0007338227423224293
Jon Turteltaub,0.0008824180623530507
Bob Odenkirk,0.00025366976679686406
Milind Dhaimade,2.0980946408732362e-06
Steve Carr,0.021259670323216587
Sujeeth,0.00027105973569956483
Matt Shakman,0.0005474488869499465
Dean Wellins,0.0003282426959177938
Gauravv K Chawla,0.00032096667129909693
Bedabrata Pain,0.00018433695171858917
Andrew Mogel,0.0002990372344871266
Kazuaki Kiriya,0.0005706712761988175
Dennis Dugan,3.960474322054023e-05
Matt Reeves,7.023367988506966e-05
Kevin R. Adams,0.0005264227873994617
Susan Johnson,0.00023621829226756446
Mark Steven Johnson,0.00032835102974523265
Paul Haggis,0.0018390000903779737
Raja Gosnell,0.00017371003753248037
Philip G. Atwell,0.00013377292367401994
Dan Harris,0.00011622815922376408
Michael Apted,0.00011127455969411104
Marco Schnabel,0.004971324244060381
Soumendra Padhi,1.1463573913603124e-05
Victor Dal Chele,0.0005940798136024549
Andrew C. Erin,0.00022590914769686875
Ron Howard,0.0019218596459707905
Pia Sukanya,0.0009277091963864843
Denny Lu,0.00016381457671662105
Amitabha Singh,1.5851728171859688e-05
Vinay Sapru,3.67873148780474e-05
Jared Stern,6.75234198686726e-05
Kunal Deshmukh,0.00022294950108846492
Tomoki Kyoda,0.0
Gaëtan Brizzi,0.000410150321681308
Anurag Singh,0.00028662673745125366
Kevin Kolsch,7.705312193686318e-05
Puneet Sira,9.866567763556553e-05
Hrishikesh Mukherjee,0.000538806112787821
Tony Scott,0.0033332012991628183
Greg Richardson,0.00018763016252376318
Meghna Gulzar,0.0002087461480223061
Will Eubank,0.000617200468754138
Alejandro Agresti,0.0005244702147735444
Ryan Murphy,0.0011837258015667887
Wolfgang Petersen,0.0018099047214588904
Raymie Muzquiz,0.00236842786227744
Ketan Mehta,0.012394401573195612
Hiroshi Yamazaki,0.0
Peter Ramsey,0.001352983645277394
Basu Chatterjee,1.734921546559376e-05
Tommy Wirkola,0.0006267934818643372
Sohail Tatari,0.00014065785884153368
N. Linguswamy,0.00012155054480859
Guy Ritchie,0.0019159997519354335
Joel Crawford,0.0002570769794863526
Raj Kumar Gupta,0.0002980076249833229
Richard Rich,3.483531761608299e-05
Peter Farrelly,0.016701674218784428
Peter Spirer,0.0
Noam Murro,0.00040946578205293876
Pete Travis,0.006671158055396255
Anurag Basu,0.0007307592850462368
Simon Curtis,0.0002483974534742788
K.C. Bokadia,7.68052926353638e-05
Leslye Headland,0.0013409422042382423
Clint Eastwood,0.004994893169039688
Vikramaditya Motwane,3.926287892504605e-05
Tarun Mansukhani,0.00021621728547307033
Rob Burnett,0.00034687099550176906
Krishna Vamshi,0.0002899692453951258
Dennis Widmyer,7.705312193686318e-05
Claude Lelouch,7.395092229602649e-06
Jonathan Hensleigh,0.005343917904524906
Robert Kouba,9.640991016281109e-05
Phyllida Lloyd,0.0005560584917859344
Greg Pritikin,0.00020537158403229703
Mukul Anand,0.0001550185091093854
Brian Levant,0.0006275536925988637
Anurag Kashyap,0.003874126071476083
Navaniat Singh,0.0005636344532160457
Audu Paden,0.0005756199405521206
Michael Polish,0.00020670808824305333
Prakash Mehra,7.062942868476773e-05
Gus Van Sant,0.005358497503085644
Satyajit Bhatkal,0.0006798386873675691
Florian Henckel von Donnersmarck,8.182938875122577e-05
Mario Cambi,3.0433675680462934e-06
Kyle Newacheck,0.0003595014986360696
Kurt Wimmer,0.0006582295085914205
G.J. Echternkamp,0.00013633167554470016
Saket Chaudhary,3.153519184774752e-05
Peter Jackson,0.001311860484647391
Aanand Rai,0.0023801694594668466
Joe Dante,0.000868131542449467
Antoine Bardou-Jacquet,4.6964782480071676e-05
Richard Loncraine,0.0005105906380403348
Ryan Fleck,0.0006127953933687271
Aruna Raje,4.658206394424773e-05
Sunil Sukthankar,0.00018960256506441567
George Clooney,0.000929541053829379
John Crowley,0.000545159083213677
Santram Varma,5.153739541717413e-06
Mark Herman,0.000975051263544184
Mahesh Manjrekar,0.007390813615971065
Nishikant Kamat,0.0031884044521355123
Sachin Yardi,0.002348134461771354
Albert Hughes,0.0012374985987767728
Steve Loter,0.0019636116275415292
Michael Kennedy,0.0
David Lee Miller,5.309445572388879e-05
Sian Heder,0.0002859573936027443
Harry Chaskin,0.001464379396925819
Linas Phillips,0.00012199299661951266
Sachin Kundalkar,0.00032347371515771035
Pa. Ranjith,0.0015609154044391893
Madhur Bhandarkar,0.002202674437641002
Andrzej Bartkowiak,0.0013241245975749603
Alo Sarkar,2.9170154806553874e-05
Macon Blair,0.0006364909239046281
Steven Spielberg,0.13869917897821799
Rob LaDuca,0.0006614784873875373
Gabe Ibáñez,0.000502356470146132
Dennis Iliadis,9.154610271335406e-05
James Rogan,0.00010480647672019312
Steven Soderbergh,0.008704305286819022
Nick Cassavetes,0.00024042520664571457
Will Lowell,0.00026111269753040857
Randall Lobb,0.00012652401907655697
Santosh Manjrekar,7.631387283794302e-05
Neil Armfield,5.259362817381558e-05
Rita Coburn Whack,0.00047175536154827957
Brian Helgeland,0.00039539679353136416
Steve Sacks,0.0006279808540513987
Eli Craig,0.0016489242118012152
Sarah Kruchowski,0.00020223918190210923
Sanjiv Jaiswal,0.0001608640532626124
Fernando Coimbra,0.00014792633685796691
Troy Miller,0.0011419402057167697
Tarsem Singh,0.0065474565460981096
Meenu Gaur,7.120002958131195e-06
Grant Heslov,0.0013914098326397988
Bob Hercules,0.00047175536154827957
Shree Narayan Singh,0.001607452602296587
Oliver Blackburn,0.00020122879646610725
Mark Dindal,0.0012587033038478357
Vic Armstrong,4.153366197359535e-05
Darin Scott,6.459471691998776e-05
Jeff Wadlow,0.00021861448162853228
Shivam Nair,0.0030783122059939204
Sarah Gavron,0.0004493325124029224
Jennifer Westcott,0.0006377795636719685
Claire Scanlon,0.0002446510844424272
Mike Disa,0.001335571913591985
Sanjay Leela Bhansali,0.00010767281841798717
Toshiyuki Kanno,0.0
Tim Johnson,0.002097708530279619
Anil Sharma,0.0002748308953620217
Ram Gopal Varma,0.0012154308387681474
Derek Cianfrance,0.0030215012944238818
Dash Shaw,0.00042718339593859526
Soumitra Ranade,7.352458010200804e-05
Stacy Title,0.0001222813955932948
Rian Johnson,0.004056350261188744
Prabhu Deva,0.00024933977490772377
Sanjay Gupta,0.00010433280560183057
Anthony Russo,0.003196470078312187
Ravi Jadhav,2.2056157706437573e-05
Kevin Smith,0.010582780991439484
Gilles Paquet-Brenner,0.0022668233436045774
Ira Sachs,0.0013049168663440685
Alain Gagnol,0.0012665323952518216
Daisuke Nishio,0.0
Alex Winter,7.06353256511576e-05
Alfred Gimeno,0.0005940798136024549
James Wan,0.00294984634897877
Thomas Carter,6.780292499712031e-05
Chris Weitz,3.6620489314307204e-05
J.C. Chandor,0.0009542693407339087
Chris Kelly,0.00023474582174982646
McG,0.01654936892597482
Stephen Daldry,0.00024861061267977694
Raj Amit Kumar,9.935840846681067e-05
Vipin Parashar,0.00016806621541157847
Emanuel Hoss-Desmarais,0.00040270781924475063
Jon M. Chu,0.00011455066042223984
Sudhanshu Saria,3.637054918584819e-05
Pratim D. Gupta,0.00037625792057380004
Jayson Thiessen,0.00016133718057718637
Kyle Newman,0.0017935402096044234
Sudip Bandyopadhyay,0.000134637099085665
David Wain,0.006058564188067668
Shaad Ali,0.0007969598798930001
Chris Renaud,0.0012087871091033021
Meghan O'Hara,0.0
Anant Balani,0.00010745094895028604
Eeshwar Nivas,0.00018944184437931312
Ben Wheatley,0.00011534313226869012
Shanker Raman,1.8045865225894868e-05
Jonathan Demme,0.0024561077326366192
Austin Kolodney,0.00026111269753040857
Ribhu Dasgupta,0.0005758592138308923
Simranjit Singh Hundal,2.459050430724921e-05
Ranjit Tiwari,0.0005641396181335905
Gary Binkow,0.00011645220067559999
Nina Paley,0.000410150321681308
Ashok Nanda,1.5729050433813543e-05
Rodney Rothman,0.001352983645277394
Osgood Perkins,0.0004916614050976902
Bart Freundlich,0.00010385634441069157
Roy Burdine,6.55938088681671e-05
Mark A.Z. Dippé,0.00035074331352957994
Will Gluck,0.00014250180020731817
Joshua Marston,0.0006140855968750355
Seth Henrikson,0.0009187220800842919
Kyle Patrick Alvarez,0.000579419018579745
David Michôd,0.0011277966802021961
Kevin Lima,6.975722001891258e-05
Abhishek Sharma,0.003382677128377705
Rajesh Mapuskar,8.73021341323541e-05
Raja Menon,0.00036503558202036185
Santosh Sivan,0.0016988189117715612
Chandra Barot,0.00018314620954042982
Paul W.S. Anderson,0.0006174025737815564
Shojiro Nishimi,3.879773617501305e-05
Sanjay Jadhav,0.0002866640766093991
Remy Kohli,3.4609014972952084e-05
Sartaj Singh Pannu,0.00040645399803110365
Robbie Grewal,0.0001920155693071322
Andrés Couturier,0.00024525811502328554
Sofia Coppola,0.0008820268729993432
Ben Young,0.00015859286019409644
Jagdeep Sidhu,2.0413527201202442e-05
Indrajit Nattoji,8.151142840644842e-05
Joan C. Gratz,0.000410150321681308
Diego Luna,0.00015023632485080743
Dax Shepard,0.0005162132854092079
Michael Radford,4.229527900591546e-05
Prakash Jha,0.002000570839616023
Sam Liu,0.001340670928795275
Peter Hewitt,0.0003448463711070947
Vanita Shastry,0.00020223918190210923
John Curran,0.0011716362769733208
Shoojit Sircar,1.473347018730917e-05
Mike Judge,8.020944223151408e-05
Oliver Stone,0.001874056598137514
John Lee Hancock,0.006917197881798987
Sudhish Kamath,0.00014670847609004828
Abhishek Varman,3.260566559569005e-05
Stuart Baird,0.001112905667319443
Gary Fleder,0.0007772761877241769
Daniel Stamm,0.00015830773989066447
Shakti Samanta,0.00027760475806199673
Les Mayfield,0.0002325809976422205
Kees Van Oostrum,1.9857594319802454e-06
Kedar Shinde,7.563085566707937e-05
Aubrey Powell,3.844584795374559e-05
Drake Doremus,0.0013481364393464618
John Asher,0.00011795266520477012
Paul Weitz,0.003431838462559231
Benedict Andrews,0.0001444589674619663
Joe Berlinger,0.0003260161235188792
Zach Braff,0.000938632681282101
Philippe Falardeau,0.0012618557811518913
Eva Vives,0.000628210765597407
Karan Anshuman,0.00020630851816522358
Adam McKay,0.0018011466257286629
Tony Kaye,0.00018711869851274535
Robert Luketic,0.009097965263500114
Agnidev Chatterjee,2.1455693152532378e-05
Ken Ghosh,3.779882596595572e-05
Pedro Morelli,0.00012248618982786018
Terry Jones,3.869746486037881e-06
Saul Dibb,0.0017297770802203042
Bob Persichetti,0.001352983645277394
Alex Garland,0.00013266509856705335
Sudhir Mishra,0.0012443987078089825
Chris Buck,0.004899136199158412
Frank Miller,0.0028945800765697045
Dharmesh Darshan,0.0015059119194296728
Shashilal K. Nair,3.625927975423172e-05
Indra Kumar,0.003258420592666718
Remo D'Souza,0.004089639733072951
Munish Bhardwaj,4.159845549528785e-05
Stephanie Laing,0.0007881079388053302
Brie Larson,0.00019089919751775756
Terry Gilliam,0.011296530555526497
Gajendra Ahire,0.0007351433868880666
Richard Bates Jr.,0.00028028794680697684
Parveen Kumar,0.0012717873413706016
Rick Benattar,8.900657048772494e-05
Girish Mohite,2.2056157706437573e-05
Mahin Ibrahim,0.00026111269753040857
Erik White,9.303227886227454e-05
Stevie Wermers,0.0003282426959177938
John Fortenberry,0.00013536992447869456
Kundan Shah,0.0066438478850229556
Will Yapp,3.869746486037881e-06
Leif Tilden,0.0005935856796962535
Jon YonKondy,0.00026111269753040857
Ava DuVernay,0.0013714584175796463
Alejandro G. Iñárritu,0.0011949253082138907
Brian Smith,0.0002654418720790494
K. Subhash,0.00028562317822681654
Genndy Tartakovsky,0.0019104144746277948
RZA,3.772057979974392e-05
Raja Sen,0.00014670847609004828
Ritesh Batra,0.00046677587647475557
Bejoy Nambiar,0.0012924436860386644
Gaurav Bavdankar,4.551589495709707e-05
Jill Culton,0.00023789610063041294
Sameer Vidwans,7.263454857186846e-05
Lennart Ruff,9.127129550718284e-05
Victor Cook,0.0029548425092614703
David Cronenberg,0.00029981123172807334
Ric Roman Waugh,0.00036036364839959074
Sachin Kamlakar Khot,8.528752381259436e-05
Shawn Levy,0.0013580303589180473
John Dahl,0.008294134768377896
Farjad Nabi,7.120002958131195e-06
Jay Surridge,0.004141201402179097
Aamir Khan,0.00019216586965372504
Dharmendra Suresh Desai,0.0011020828974237361
Jennifer Lee,0.0003282426959177938
Randal Kleiser,0.00020147912450822208
Shammi Kapoor,6.386439920752402e-06
Manish Tiwary,0.00018229814213028186
Ben Palmer,0.0008221520081144198
Kelly Fremon Craig,2.655151876314078e-05
Ricky Gervais,0.0019963748980957358
Jonathan Mostow,0.00031551772603444895
Sunil Kumar Agrawal,0.002991522945491575
>>>>>>> f7a2a63b0a8531c86fc2b20fd24478fd8187f0bf
